$MeshFormat
4.1 0 8
$EndMeshFormat
$PhysicalNames
4
1 4 "boundary"
2 1 "mat1"
2 2 "mat2"
2 3 "mat3"
$EndPhysicalNames
$Entities
38 52 16 0
1 0 0 0 0 
2 7 0 0 0 
3 0 7 0 0 
4 7 7 0 0 
5 2 2 0 0 
6 1 2 0 0 
7 1 1 0 0 
8 2 1 0 0 
9 5 2 0 0 
10 5 1 0 0 
11 6 1 0 0 
12 6 2 0 0 
13 2 5 0 0 
14 2 4 0 0 
15 1 4 0 0 
16 1 3 0 0 
17 2 3 0 0 
18 3 2 0 0 
19 3 1 0 0 
20 4 1 0 0 
21 4 2 0 0 
22 5 3 0 0 
23 6 3 0 0 
24 6 4 0 0 
25 5 4 0 0 
26 5 5 0 0 
27 4 5 0 0 
28 4 4 0 0 
29 3 4 0 0 
30 3 5 0 0 
31 1 5 0 0 
32 2 6 0 0 
33 1 6 0 0 
34 6 5 0 0 
35 6 6 0 0 
36 5 6 0 0 
37 3 3 0 0 
38 4 3 0 0 
1 -9.999999983634211e-08 -1e-07 -1e-07 7.0000001 1e-07 1e-07 1 4 2 1 -2 
2 -1e-07 -9.999999983634211e-08 -1e-07 1e-07 7.0000001 1e-07 1 4 2 3 -1 
3 6.9999999 -9.999999983634211e-08 -1e-07 7.0000001 7.0000001 1e-07 1 4 2 2 -4 
4 -9.999999983634211e-08 6.9999999 -1e-07 7.0000001 7.0000001 1e-07 1 4 2 4 -3 
5 0.9999999000000001 1.9999999 -1e-07 2.0000001 2.0000001 1e-07 0 2 5 -6 
6 0.9999999000000001 0.9999999000000001 -1e-07 1.0000001 2.0000001 1e-07 0 2 6 -7 
7 0.9999999000000001 0.9999999000000001 -1e-07 2.0000001 1.0000001 1e-07 0 2 7 -8 
8 1.9999999 0.9999999000000001 -1e-07 2.0000001 2.0000001 1e-07 0 2 8 -5 
9 4.9999999 0.9999999000000001 -1e-07 5.0000001 2.0000001 1e-07 0 2 9 -10 
10 4.9999999 0.9999999000000001 -1e-07 6.0000001 1.0000001 1e-07 0 2 10 -11 
11 5.9999999 0.9999999000000001 -1e-07 6.0000001 2.0000001 1e-07 0 2 11 -12 
12 4.9999999 1.9999999 -1e-07 6.0000001 2.0000001 1e-07 0 2 12 -9 
13 1.9999999 3.9999999 -1e-07 2.0000001 5.0000001 1e-07 0 2 13 -14 
14 0.9999999000000001 3.9999999 -1e-07 2.0000001 4.0000001 1e-07 0 2 14 -15 
15 0.9999999000000001 2.9999999 -1e-07 1.0000001 4.0000001 1e-07 0 2 15 -16 
16 0.9999999000000001 2.9999999 -1e-07 2.0000001 3.0000001 1e-07 0 2 16 -17 
17 1.9999999 1.9999999 -1e-07 2.0000001 3.0000001 1e-07 0 2 17 -5 
18 1.9999999 1.9999999 -1e-07 3.0000001 2.0000001 1e-07 0 2 5 -18 
19 2.9999999 0.9999999000000001 -1e-07 3.0000001 2.0000001 1e-07 0 2 18 -19 
20 2.9999999 0.9999999000000001 -1e-07 4.0000001 1.0000001 1e-07 0 2 19 -20 
21 3.9999999 0.9999999000000001 -1e-07 4.0000001 2.0000001 1e-07 0 2 20 -21 
22 3.9999999 1.9999999 -1e-07 5.0000001 2.0000001 1e-07 0 2 21 -9 
23 4.9999999 1.9999999 -1e-07 5.0000001 3.0000001 1e-07 0 2 9 -22 
24 4.9999999 2.9999999 -1e-07 6.0000001 3.0000001 1e-07 0 2 22 -23 
25 5.9999999 2.9999999 -1e-07 6.0000001 4.0000001 1e-07 0 2 23 -24 
26 4.9999999 3.9999999 -1e-07 6.0000001 4.0000001 1e-07 0 2 24 -25 
27 4.9999999 3.9999999 -1e-07 5.0000001 5.0000001 1e-07 0 2 25 -26 
28 3.9999999 4.9999999 -1e-07 5.0000001 5.0000001 1e-07 0 2 26 -27 
29 3.9999999 3.9999999 -1e-07 4.0000001 5.0000001 1e-07 0 2 27 -28 
30 2.9999999 3.9999999 -1e-07 4.0000001 4.0000001 1e-07 0 2 28 -29 
31 2.9999999 3.9999999 -1e-07 3.0000001 5.0000001 1e-07 0 2 29 -30 
32 1.9999999 4.9999999 -1e-07 3.0000001 5.0000001 1e-07 0 2 30 -13 
33 0.9999999000000001 4.9999999 -1e-07 2.0000001 5.0000001 1e-07 0 2 31 -13 
34 1.9999999 4.9999999 -1e-07 2.0000001 6.0000001 1e-07 0 2 13 -32 
35 0.9999999000000001 5.9999999 -1e-07 2.0000001 6.0000001 1e-07 0 2 32 -33 
36 0.9999999000000001 4.9999999 -1e-07 1.0000001 6.0000001 1e-07 0 2 33 -31 
37 4.9999999 4.9999999 -1e-07 6.0000001 5.0000001 1e-07 0 2 26 -34 
38 5.9999999 4.9999999 -1e-07 6.0000001 6.0000001 1e-07 0 2 34 -35 
39 4.9999999 5.9999999 -1e-07 6.0000001 6.0000001 1e-07 0 2 35 -36 
40 4.9999999 4.9999999 -1e-07 5.0000001 6.0000001 1e-07 0 2 36 -26 
41 1.9999999 3.9999999 -1e-07 3.0000001 4.0000001 1e-07 0 2 14 -29 
42 2.9999999 2.9999999 -1e-07 3.0000001 4.0000001 1e-07 0 2 29 -37 
43 1.9999999 2.9999999 -1e-07 3.0000001 3.0000001 1e-07 0 2 37 -17 
44 1.9999999 2.9999999 -1e-07 2.0000001 4.0000001 1e-07 0 2 17 -14 
45 3.9999999 3.9999999 -1e-07 5.0000001 4.0000001 1e-07 0 2 28 -25 
46 4.9999999 2.9999999 -1e-07 5.0000001 4.0000001 1e-07 0 2 25 -22 
47 3.9999999 2.9999999 -1e-07 5.0000001 3.0000001 1e-07 0 2 22 -38 
48 3.9999999 2.9999999 -1e-07 4.0000001 4.0000001 1e-07 0 2 38 -28 
49 2.9999999 2.9999999 -1e-07 4.0000001 3.0000001 1e-07 0 2 37 -38 
50 3.9999999 1.9999999 -1e-07 4.0000001 3.0000001 1e-07 0 2 38 -21 
51 2.9999999 1.9999999 -1e-07 4.0000001 2.0000001 1e-07 0 2 21 -18 
52 2.9999999 1.9999999 -1e-07 3.0000001 3.0000001 1e-07 0 2 18 -37 
2 0.9999999000000001 4.9999999 -1e-07 2.0000001 6.0000001 1e-07 1 1 4 36 33 34 35 
3 4.9999999 4.9999999 -1e-07 6.0000001 6.0000001 1e-07 1 1 4 40 37 38 39 
4 1.9999999 3.9999999 -1e-07 3.0000001 5.0000001 1e-07 1 1 4 32 13 41 31 
5 3.9999999 3.9999999 -1e-07 5.0000001 5.0000001 1e-07 1 1 4 29 45 27 28 
6 0.9999999000000001 2.9999999 -1e-07 2.0000001 4.0000001 1e-07 1 1 4 44 14 15 16 
7 4.9999999 2.9999999 -1e-07 6.0000001 4.0000001 1e-07 1 1 4 26 46 24 25 
8 1.9999999 1.9999999 -1e-07 3.0000001 3.0000001 1e-07 1 1 4 43 17 18 52 
9 3.9999999 1.9999999 -1e-07 5.0000001 3.0000001 1e-07 1 1 4 47 50 22 23 
10 0.9999999000000001 0.9999999000000001 -1e-07 2.0000001 2.0000001 1e-07 1 1 4 8 5 6 7 
11 2.9999999 0.9999999000000001 -1e-07 4.0000001 2.0000001 1e-07 1 1 4 51 19 20 21 
12 4.9999999 0.9999999000000001 -1e-07 6.0000001 2.0000001 1e-07 1 1 4 12 9 10 11 
13 2.9999999 2.9999999 -1e-07 4.0000001 4.0000001 1e-07 1 2 4 30 42 49 48 
14 -9.999999983634211e-08 -9.999999983634211e-08 -1e-07 7.0000001 7.0000001 1e-07 1 3 40 1 3 4 2 -5 -8 -7 -6 -9 -12 -11 -10 -13 -32 -31 -30 -29 -28 -27 -26 -25 -24 -23 -22 -21 -20 -19 -18 -17 -16 -15 -14 -33 -36 -35 -34 -37 -40 -39 -38 
15 1.9999999 2.9999999 -1e-07 3.0000001 4.0000001 1e-07 1 3 4 -41 -44 -43 -42 
16 3.9999999 2.9999999 -1e-07 5.0000001 4.0000001 1e-07 1 3 4 -45 -48 -47 -46 
17 2.9999999 1.9999999 -1e-07 4.0000001 3.0000001 1e-07 1 3 4 -49 -52 -51 -50 
$EndEntities
$Nodes
106 3741 1 3741
0 1 0 1
1
0 0 0
0 2 0 1
2
7 0 0
0 3 0 1
3
0 7 0
0 4 0 1
4
7 7 0
0 5 0 1
5
2 2 0
0 6 0 1
6
1 2 0
0 7 0 1
7
1 1 0
0 8 0 1
8
2 1 0
0 9 0 1
9
5 2 0
0 10 0 1
10
5 1 0
0 11 0 1
11
6 1 0
0 12 0 1
12
6 2 0
0 13 0 1
13
2 5 0
0 14 0 1
14
2 4 0
0 15 0 1
15
1 4 0
0 16 0 1
16
1 3 0
0 17 0 1
17
2 3 0
0 18 0 1
18
3 2 0
0 19 0 1
19
3 1 0
0 20 0 1
20
4 1 0
0 21 0 1
21
4 2 0
0 22 0 1
22
5 3 0
0 23 0 1
23
6 3 0
0 24 0 1
24
6 4 0
0 25 0 1
25
5 4 0
0 26 0 1
26
5 5 0
0 27 0 1
27
4 5 0
0 28 0 1
28
4 4 0
0 29 0 1
29
3 4 0
0 30 0 1
30
3 5 0
0 31 0 1
31
1 5 0
0 32 0 1
32
2 6 0
0 33 0 1
33
1 6 0
0 34 0 1
34
6 5 0
0 35 0 1
35
6 6 0
0 36 0 1
36
5 6 0
0 37 0 1
37
3 3 0
0 38 0 1
38
4 3 0
1 1 0 49
39
40
41
42
43
44
45
46
47
48
49
50
51
52
53
54
55
56
57
58
59
60
61
62
63
64
65
66
67
68
69
70
71
72
73
74
75
76
77
78
79
80
81
82
83
84
85
86
87
0.14 0 0
0.28 0 0
0.42 0 0
0.5600000000000001 0 0
0.7 0 0
0.84 0 0
0.98 0 0
1.12 0 0
1.26 0 0
1.4 0 0
1.54 0 0
1.68 0 0
1.82 0 0
1.96 0 0
2.1 0 0
2.24 0 0
2.38 0 0
2.52 0 0
2.66 0 0
2.8 0 0
2.94 0 0
3.08 0 0
3.22 0 0
3.36 0 0
3.5 0 0
3.64 0 0
3.78 0 0
3.92 0 0
4.06 0 0
4.2 0 0
4.34 0 0
4.48 0 0
4.62 0 0
4.76 0 0
4.9 0 0
5.04 0 0
5.18 0 0
5.32 0 0
5.46 0 0
5.6 0 0
5.74 0 0
5.88 0 0
6.02 0 0
6.16 0 0
6.3 0 0
6.44 0 0
6.58 0 0
6.72 0 0
6.86 0 0
1 2 0 49
88
89
90
91
92
93
94
95
96
97
98
99
100
101
102
103
104
105
106
107
108
109
110
111
112
113
114
115
116
117
118
119
120
121
122
123
124
125
126
127
128
129
130
131
132
133
134
135
136
0 6.86 0
0 6.72 0
0 6.58 0
0 6.44 0
0 6.3 0
0 6.16 0
0 6.02 0
0 5.88 0
0 5.74 0
0 5.6 0
0 5.46 0
0 5.32 0
0 5.18 0
0 5.04 0
0 4.9 0
0 4.76 0
0 4.62 0
0 4.48 0
0 4.34 0
0 4.2 0
0 4.06 0
0 3.92 0
0 3.78 0
0 3.64 0
0 3.5 0
0 3.36 0
0 3.22 0
0 3.08 0
0 2.94 0
0 2.8 0
0 2.66 0
0 2.52 0
0 2.38 0
0 2.24 0
0 2.1 0
0 1.96 0
0 1.82 0
0 1.68 0
0 1.54 0
0 1.4 0
0 1.26 0
0 1.12 0
0 0.9800000000000004 0
0 0.8399999999999999 0
0 0.7000000000000002 0
0 0.5599999999999996 0
0 0.4199999999999999 0
0 0.2800000000000002 0
0 0.1399999999999997 0
1 3 0 49
137
138
139
140
141
142
143
144
145
146
147
148
149
150
151
152
153
154
155
156
157
158
159
160
161
162
163
164
165
166
167
168
169
170
171
172
173
174
175
176
177
178
179
180
181
182
183
184
185
7 0.14 0
7 0.28 0
7 0.42 0
7 0.5600000000000001 0
7 0.7 0
7 0.84 0
7 0.98 0
7 1.12 0
7 1.26 0
7 1.4 0
7 1.54 0
7 1.68 0
7 1.82 0
7 1.96 0
7 2.1 0
7 2.24 0
7 2.38 0
7 2.52 0
7 2.66 0
7 2.8 0
7 2.94 0
7 3.08 0
7 3.22 0
7 3.36 0
7 3.5 0
7 3.64 0
7 3.78 0
7 3.92 0
7 4.06 0
7 4.2 0
7 4.34 0
7 4.48 0
7 4.62 0
7 4.76 0
7 4.9 0
7 5.04 0
7 5.18 0
7 5.32 0
7 5.46 0
7 5.6 0
7 5.74 0
7 5.88 0
7 6.02 0
7 6.16 0
7 6.3 0
7 6.44 0
7 6.58 0
7 6.72 0
7 6.86 0
1 4 0 49
186
187
188
189
190
191
192
193
194
195
196
197
198
199
200
201
202
203
204
205
206
207
208
209
210
211
212
213
214
215
216
217
218
219
220
221
222
223
224
225
226
227
228
229
230
231
232
233
234
6.86 7 0
6.72 7 0
6.58 7 0
6.44 7 0
6.3 7 0
6.16 7 0
6.02 7 0
5.88 7 0
5.74 7 0
5.6 7 0
5.46 7 0
5.32 7 0
5.18 7 0
5.04 7 0
4.9 7 0
4.76 7 0
4.62 7 0
4.48 7 0
4.34 7 0
4.2 7 0
4.06 7 0
3.92 7 0
3.78 7 0
3.64 7 0
3.5 7 0
3.36 7 0
3.22 7 0
3.08 7 0
2.94 7 0
2.8 7 0
2.66 7 0
2.52 7 0
2.38 7 0
2.24 7 0
2.1 7 0
1.96 7 0
1.82 7 0
1.68 7 0
1.54 7 0
1.4 7 0
1.26 7 0
1.12 7 0
0.9800000000000004 7 0
0.8399999999999999 7 0
0.7000000000000002 7 0
0.5599999999999996 7 0
0.4199999999999999 7 0
0.2800000000000002 7 0
0.1399999999999997 7 0
1 5 0 7
235
236
237
238
239
240
241
1.875 2 0
1.75 2 0
1.625000000000001 2 0
1.500000000000001 2 0
1.375000000000001 2 0
1.250000000000001 2 0
1.125 2 0
1 6 0 7
242
243
244
245
246
247
248
1 1.875 0
1 1.75 0
1 1.625000000000001 0
1 1.500000000000001 0
1 1.375000000000001 0
1 1.250000000000001 0
1 1.125 0
1 7 0 7
249
250
251
252
253
254
255
1.125 1 0
1.25 1 0
1.374999999999999 1 0
1.499999999999999 1 0
1.624999999999999 1 0
1.749999999999999 1 0
1.875 1 0
1 8 0 7
256
257
258
259
260
261
262
2 1.125 0
2 1.25 0
2 1.374999999999999 0
2 1.499999999999999 0
2 1.624999999999999 0
2 1.749999999999999 0
2 1.875 0
1 9 0 7
263
264
265
266
267
268
269
5 1.875 0
5 1.75 0
5 1.625000000000001 0
5 1.500000000000001 0
5 1.375000000000001 0
5 1.250000000000001 0
5 1.125 0
1 10 0 7
270
271
272
273
274
275
276
5.125 1 0
5.25 1 0
5.374999999999999 1 0
5.499999999999999 1 0
5.624999999999999 1 0
5.749999999999999 1 0
5.875 1 0
1 11 0 7
277
278
279
280
281
282
283
6 1.125 0
6 1.25 0
6 1.374999999999999 0
6 1.499999999999999 0
6 1.624999999999999 0
6 1.749999999999999 0
6 1.875 0
1 12 0 7
284
285
286
287
288
289
290
5.875 2 0
5.75 2 0
5.625000000000001 2 0
5.500000000000001 2 0
5.375000000000001 2 0
5.250000000000001 2 0
5.125 2 0
1 13 0 7
291
292
293
294
295
296
297
2 4.875 0
2 4.75 0
2 4.625000000000001 0
2 4.500000000000001 0
2 4.375000000000001 0
2 4.250000000000001 0
2 4.125 0
1 14 0 7
298
299
300
301
302
303
304
1.875 4 0
1.75 4 0
1.625000000000001 4 0
1.500000000000001 4 0
1.375000000000001 4 0
1.250000000000001 4 0
1.125 4 0
1 15 0 7
305
306
307
308
309
310
311
1 3.875 0
1 3.75 0
1 3.625000000000001 0
1 3.500000000000001 0
1 3.375000000000001 0
1 3.250000000000001 0
1 3.125 0
1 16 0 7
312
313
314
315
316
317
318
1.125 3 0
1.25 3 0
1.374999999999999 3 0
1.499999999999999 3 0
1.624999999999999 3 0
1.749999999999999 3 0
1.875 3 0
1 17 0 7
319
320
321
322
323
324
325
2 2.875 0
2 2.75 0
2 2.625000000000001 0
2 2.500000000000001 0
2 2.375000000000001 0
2 2.250000000000001 0
2 2.125 0
1 18 0 7
326
327
328
329
330
331
332
2.125 2 0
2.25 2 0
2.374999999999999 2 0
2.499999999999999 2 0
2.624999999999999 2 0
2.749999999999999 2 0
2.875 2 0
1 19 0 7
333
334
335
336
337
338
339
3 1.875 0
3 1.75 0
3 1.625000000000001 0
3 1.500000000000001 0
3 1.375000000000001 0
3 1.250000000000001 0
3 1.125 0
1 20 0 7
340
341
342
343
344
345
346
3.125 1 0
3.25 1 0
3.374999999999999 1 0
3.499999999999999 1 0
3.624999999999999 1 0
3.749999999999999 1 0
3.875 1 0
1 21 0 7
347
348
349
350
351
352
353
4 1.125 0
4 1.25 0
4 1.374999999999999 0
4 1.499999999999999 0
4 1.624999999999999 0
4 1.749999999999999 0
4 1.875 0
1 22 0 7
354
355
356
357
358
359
360
4.125 2 0
4.25 2 0
4.374999999999999 2 0
4.499999999999999 2 0
4.624999999999999 2 0
4.749999999999999 2 0
4.875 2 0
1 23 0 7
361
362
363
364
365
366
367
5 2.125 0
5 2.25 0
5 2.374999999999999 0
5 2.499999999999999 0
5 2.624999999999999 0
5 2.749999999999999 0
5 2.875 0
1 24 0 7
368
369
370
371
372
373
374
5.125 3 0
5.25 3 0
5.374999999999999 3 0
5.499999999999999 3 0
5.624999999999999 3 0
5.749999999999999 3 0
5.875 3 0
1 25 0 7
375
376
377
378
379
380
381
6 3.125 0
6 3.25 0
6 3.374999999999999 0
6 3.499999999999999 0
6 3.624999999999999 0
6 3.749999999999999 0
6 3.875 0
1 26 0 7
382
383
384
385
386
387
388
5.875 4 0
5.75 4 0
5.625000000000001 4 0
5.500000000000001 4 0
5.375000000000001 4 0
5.250000000000001 4 0
5.125 4 0
1 27 0 7
389
390
391
392
393
394
395
5 4.125 0
5 4.25 0
5 4.374999999999999 0
5 4.499999999999999 0
5 4.624999999999999 0
5 4.749999999999999 0
5 4.875 0
1 28 0 7
396
397
398
399
400
401
402
4.875 5 0
4.75 5 0
4.625000000000001 5 0
4.500000000000001 5 0
4.375000000000001 5 0
4.250000000000001 5 0
4.125 5 0
1 29 0 7
403
404
405
406
407
408
409
4 4.875 0
4 4.75 0
4 4.625000000000001 0
4 4.500000000000001 0
4 4.375000000000001 0
4 4.250000000000001 0
4 4.125 0
1 30 0 7
410
411
412
413
414
415
416
3.875 4 0
3.75 4 0
3.625000000000001 4 0
3.500000000000001 4 0
3.375000000000001 4 0
3.250000000000001 4 0
3.125 4 0
1 31 0 7
417
418
419
420
421
422
423
3 4.125 0
3 4.25 0
3 4.374999999999999 0
3 4.499999999999999 0
3 4.624999999999999 0
3 4.749999999999999 0
3 4.875 0
1 32 0 7
424
425
426
427
428
429
430
2.875 5 0
2.75 5 0
2.625000000000001 5 0
2.500000000000001 5 0
2.375000000000001 5 0
2.250000000000001 5 0
2.125 5 0
1 33 0 7
431
432
433
434
435
436
437
1.125 5 0
1.25 5 0
1.374999999999999 5 0
1.499999999999999 5 0
1.624999999999999 5 0
1.749999999999999 5 0
1.875 5 0
1 34 0 7
438
439
440
441
442
443
444
2 5.125 0
2 5.25 0
2 5.374999999999999 0
2 5.499999999999999 0
2 5.624999999999999 0
2 5.749999999999999 0
2 5.875 0
1 35 0 7
445
446
447
448
449
450
451
1.875 6 0
1.75 6 0
1.625000000000001 6 0
1.500000000000001 6 0
1.375000000000001 6 0
1.250000000000001 6 0
1.125 6 0
1 36 0 7
452
453
454
455
456
457
458
1 5.875 0
1 5.75 0
1 5.625000000000001 0
1 5.500000000000001 0
1 5.375000000000001 0
1 5.250000000000001 0
1 5.125 0
1 37 0 7
459
460
461
462
463
464
465
5.125 5 0
5.25 5 0
5.374999999999999 5 0
5.499999999999999 5 0
5.624999999999999 5 0
5.749999999999999 5 0
5.875 5 0
1 38 0 7
466
467
468
469
470
471
472
6 5.125 0
6 5.25 0
6 5.374999999999999 0
6 5.499999999999999 0
6 5.624999999999999 0
6 5.749999999999999 0
6 5.875 0
1 39 0 7
473
474
475
476
477
478
479
5.875 6 0
5.75 6 0
5.625000000000001 6 0
5.500000000000001 6 0
5.375000000000001 6 0
5.250000000000001 6 0
5.125 6 0
1 40 0 7
480
481
482
483
484
485
486
5 5.875 0
5 5.75 0
5 5.625000000000001 0
5 5.500000000000001 0
5 5.375000000000001 0
5 5.250000000000001 0
5 5.125 0
1 41 0 7
487
488
489
490
491
492
493
2.125 4 0
2.25 4 0
2.374999999999999 4 0
2.499999999999999 4 0
2.624999999999999 4 0
2.749999999999999 4 0
2.875 4 0
1 42 0 7
494
495
496
497
498
499
500
3 3.875 0
3 3.75 0
3 3.625000000000001 0
3 3.500000000000001 0
3 3.375000000000001 0
3 3.250000000000001 0
3 3.125 0
1 43 0 7
501
502
503
504
505
506
507
2.875 3 0
2.75 3 0
2.625000000000001 3 0
2.500000000000001 3 0
2.375000000000001 3 0
2.250000000000001 3 0
2.125 3 0
1 44 0 7
508
509
510
511
512
513
514
2 3.125 0
2 3.25 0
2 3.374999999999999 0
2 3.499999999999999 0
2 3.624999999999999 0
2 3.749999999999999 0
2 3.875 0
1 45 0 7
515
516
517
518
519
520
521
4.125 4 0
4.25 4 0
4.374999999999999 4 0
4.499999999999999 4 0
4.624999999999999 4 0
4.749999999999999 4 0
4.875 4 0
1 46 0 7
522
523
524
525
526
527
528
5 3.875 0
5 3.75 0
5 3.625000000000001 0
5 3.500000000000001 0
5 3.375000000000001 0
5 3.250000000000001 0
5 3.125 0
1 47 0 7
529
530
531
532
533
534
535
4.875 3 0
4.75 3 0
4.625000000000001 3 0
4.500000000000001 3 0
4.375000000000001 3 0
4.250000000000001 3 0
4.125 3 0
1 48 0 7
536
537
538
539
540
541
542
4 3.125 0
4 3.25 0
4 3.374999999999999 0
4 3.499999999999999 0
4 3.624999999999999 0
4 3.749999999999999 0
4 3.875 0
1 49 0 7
543
544
545
546
547
548
549
3.125 3 0
3.25 3 0
3.374999999999999 3 0
3.499999999999999 3 0
3.624999999999999 3 0
3.749999999999999 3 0
3.875 3 0
1 50 0 7
550
551
552
553
554
555
556
4 2.875 0
4 2.75 0
4 2.625000000000001 0
4 2.500000000000001 0
4 2.375000000000001 0
4 2.250000000000001 0
4 2.125 0
1 51 0 7
557
558
559
560
561
562
563
3.875 2 0
3.75 2 0
3.625000000000001 2 0
3.500000000000001 2 0
3.375000000000001 2 0
3.250000000000001 2 0
3.125 2 0
1 52 0 7
564
565
566
567
568
569
570
3 2.125 0
3 2.25 0
3 2.374999999999999 0
3 2.499999999999999 0
3 2.624999999999999 0
3 2.749999999999999 0
3 2.875 0
2 2 0 66
571
572
573
574
575
576
577
578
579
580
581
582
583
584
585
586
587
588
589
590
591
592
593
594
595
596
597
598
599
600
601
602
603
604
605
606
607
608
609
610
611
612
613
614
615
616
617
618
619
620
621
622
623
624
625
626
627
628
629
630
631
632
633
634
635
636
1.571487698847636 5.112424381024613 0
1.435905136893775 5.889275060824215 0
1.891746824526945 5.562499999999999 0
1.108253175473055 5.437500000000002 0
1.895506813913563 5.312810865984803 0
1.107015042609643 5.690108146436346 0
1.301659293161675 5.112037015619428 0
1.669225973923017 5.881737314898203 0
1.891746824526945 5.812499999999998 0
1.105846505631979 5.18802967116011 0
1.81309064237646 5.120769536763687 0
1.203342065597674 5.890514807811286 0
1.107852063832875 5.312588278526686 0
1.216439499006079 5.375014713087782 0
1.216495208956105 5.500002452181297 0
1.324746527430825 5.43750286087818 0
1.32360941218577 5.564336883126304 0
1.432818849688597 5.500306624000745 0
1.432978226693558 5.375051580813151 0
1.541227822798227 5.437559700802311 0
1.541227226236832 5.562561054133838 0
1.649519052838329 5.499999999999992 0
1.649512710410487 5.375009950133712 0
1.649512610983593 5.625010175688965 0
1.541258361868084 5.687511871637131 0
1.757772228311382 5.437499999999991 0
1.649519052838339 5.749999999999991 0
1.752368379589864 5.686675245155955 0
1.752323075658705 5.313381159976353 0
1.640213786075656 5.232938642304664 0
1.544992574918324 5.812413992017176 0
1.433012701892229 5.749999999999998 0
1.323214048052193 5.822126780627867 0
1.317882981997131 5.698515985698348 0
1.213123246690028 5.762431805832112 0
1.541265877365273 5.312499999999993 0
1.433871735923308 5.254266575782894 0
1.214999322640762 5.628320865866001 0
1.226786613725102 5.230591228091074 0
1.107925044144631 5.563206126724245 0
1.69045144372616 5.110345485184719 0
1.431634922311441 5.627205403099394 0
1.435535073284925 5.128003238691157 0
1.891746824526946 5.4375 0
1.891746824526946 5.687499999999998 0
1.324759526419162 5.312500000000002 0
1.757772228311385 5.562499999999988 0
1.806637993160525 5.896584216942784 0
1.186370261329508 5.103985504511686 0
1.90707435132653 5.191853721181388 0
1.10282691355943 5.808866643871495 0
1.744286790090449 5.20569407952463 0
1.749926650467078 5.798911060558887 0
1.5625 5.915464298762487 0
1.52447483429936 5.208026567560664 0
1.339194593712862 5.20879267669025 0
1.312500000000001 5.922662445474199 0
1.09150635094611 5.091506350946109 0
1.908493649053891 5.90849364905389 0
1.90849364905389 5.09150635094611 0
1.091506350946109 5.908493649053892 0
1.824759526419167 5.375 0
1.824759526419164 5.499999999999994 0
1.824759526419161 5.624999999999986 0
1.824693032876743 5.739838652020031 0
1.825355002615264 5.251035573393724 0
2 3 0 66
637
638
639
640
641
642
643
644
645
646
647
648
649
650
651
652
653
654
655
656
657
658
659
660
661
662
663
664
665
666
667
668
669
670
671
672
673
674
675
676
677
678
679
680
681
682
683
684
685
686
687
688
689
690
691
692
693
694
695
696
697
698
699
700
701
702
5.112424381024613 5.428512301152364 0
5.889275060824216 5.564094863106224 0
5.562499999999999 5.108253175473055 0
5.437500000000001 5.891746824526946 0
5.312810865984802 5.104493186086438 0
5.881737314898204 5.330774026076982 0
5.690144006135376 5.89296425378347 0
5.112037015619428 5.698340706838323 0
5.812499999999998 5.108253175473055 0
5.890514807811286 5.796657934402327 0
5.18802967116011 5.894153494368021 0
5.120769536763687 5.18690935762354 0
5.312588278526686 5.892147936167125 0
5.375014713087781 5.783560500993921 0
5.500038311880326 5.783484087437007 0
5.437508837494684 5.675250021968027 0
5.564379715544589 5.676365858506003 0
5.500314758839877 5.56717645365984 0
5.375053932722425 5.567020415430989 0
5.437561448593713 5.458771168113937 0
5.562562701238928 5.458771822806601 0
5.499999999999993 5.35048094716167 0
5.37501024143228 5.350487121408207 0
5.62501045020648 5.350487230523646 0
5.687512191907566 5.458741453223695 0
5.437499999999992 5.242227771688617 0
5.749999999999991 5.35048094716166 0
5.686675261829761 5.247631610783509 0
5.313381177669414 5.247676914126201 0
5.232938686446325 5.359786188439143 0
5.812414019251058 5.455007409358187 0
5.750000000000002 5.56698729810777 0
5.822126780627869 5.676785951947807 0
5.698515985698347 5.682117018002865 0
5.764404317706922 5.786473502473383 0
5.627214225538218 5.56835998405113 0
5.627654902054763 5.784469340699493 0
5.230591228091074 5.773213386274897 0
5.312499999999996 5.458734122634725 0
5.254266967767773 5.566128037764114 0
5.110345490439679 5.309548553239887 0
5.128003294688997 5.564464894384704 0
5.4375 5.108253175473054 0
5.687499999999998 5.108253175473054 0
5.562731553695963 5.891841557593258 0
5.312500000000001 5.675240473580837 0
5.562499999999989 5.242227771688619 0
5.896584216942784 5.193362006839475 0
5.103985504511686 5.813629738670492 0
5.191853721181387 5.09292564867347 0
5.808866643871497 5.897173086440572 0
5.205694092942566 5.255713202162701 0
5.798911060558888 5.250073349532922 0
5.915464298762487 5.4375 0
5.208026665985541 5.47552510887501 0
5.208792700012966 5.660805392821755 0
5.922662445474201 5.6875 0
5.091506350946111 5.091506350946111 0
5.90849364905389 5.091506350946109 0
5.908493649053893 5.908493649053892 0
5.091506350946109 5.90849364905389 0
5.374999999999989 5.175240473580842 0
5.499999999999996 5.175240473580834 0
5.624999999999997 5.175240473580827 0
5.739838653235322 5.175306966421607 0
5.251035573393724 5.174644997384735 0
2 4 0 66
703
704
705
706
707
708
709
710
711
712
713
714
715
716
717
718
719
720
721
722
723
724
725
726
727
728
729
730
731
732
733
734
735
736
737
738
739
740
741
742
743
744
745
746
747
748
749
750
751
752
753
754
755
756
757
758
759
760
761
762
763
764
765
766
767
768
2.564094863106229 4.11072493917578 0
2.428512301152361 4.887575618975383 0
2.108253175473055 4.437500000000002 0
2.891746824526945 4.562499999999999 0
2.104493186086437 4.687189134015198 0
2.892984957390361 4.309891853563648 0
2.330774026076988 4.118262685101791 0
2.698340706838323 4.887962984380572 0
2.108253175473055 4.187500000000001 0
2.894153494368021 4.81197032883989 0
2.18690935762354 4.879230463236312 0
2.796657934402331 4.109485192188707 0
2.892147936167125 4.687411721473314 0
2.78356050099392 4.624985286912218 0
2.783504791043895 4.499997547818703 0
2.675253472569175 4.562497139121819 0
2.676390587814235 4.435663116873693 0
2.567181150311404 4.499693375999251 0
2.567021773306441 4.624948419186843 0
2.458772177201773 4.56244029919768 0
2.458772773763172 4.437438945866154 0
2.350480947161672 4.499999999999997 0
2.350487289589513 4.624990049866277 0
2.350487389016413 4.374989824311024 0
2.458741638131925 4.312488128362862 0
2.242227771688617 4.562499999999997 0
2.350480947161673 4.249999999999998 0
2.247631620410145 4.313324754844029 0
2.247676924341293 4.686618840023637 0
2.359786213924341 4.767061357695329 0
2.455007425081686 4.187586007982818 0
2.566987298107782 4.249999999999999 0
2.676785951947814 4.177873219372121 0
2.682117018002884 4.301484014301639 0
2.786876753309981 4.237568194167872 0
2.773213386274895 4.769408771908926 0
2.675240473580833 4.687499999999999 0
2.566128264076687 4.745733424217102 0
2.309548556273839 4.889654514815279 0
2.785000677359243 4.371679134133995 0
2.108253175473055 4.312500000000002 0
2.568365077688567 4.3727945969006 0
2.242227771688617 4.437499999999998 0
2.108253175473055 4.562500000000001 0
2.892074955855371 4.436793873275755 0
2.56446492671507 4.871996761308841 0
2.458734122634726 4.687499999999996 0
2.193362006839476 4.103415783057214 0
2.813629738670492 4.896014495488314 0
2.09292564867347 4.808146278818612 0
2.897173086440582 4.191133356128487 0
2.255713209909549 4.794305920475367 0
2.25007334953294 4.201088939441098 0
2.475525165700637 4.79197343243933 0
2.437499999999999 4.084535701237511 0
2.660805406287127 4.791207323309751 0
2.687499999999999 4.077337554525793 0
2.091506350946109 4.09150635094611 0
2.09150635094611 4.908493649053891 0
2.90849364905389 4.09150635094611 0
2.908493649053891 4.90849364905389 0
2.175240473580836 4.499999999999999 0
2.175240473580838 4.374999999999997 0
2.175240473580834 4.625 0
2.175306967123269 4.260161347979966 0
2.174644997384733 4.748964426606275 0
2 5 0 66
769
770
771
772
773
774
775
776
777
778
779
780
781
782
783
784
785
786
787
788
789
790
791
792
793
794
795
796
797
798
799
800
801
802
803
804
805
806
807
808
809
810
811
812
813
814
815
816
817
818
819
820
821
822
823
824
825
826
827
828
829
830
831
832
833
834
4.562499999999999 4.108253175473055 0
4.437500000000002 4.891746824526945 0
4.878740859047477 4.568878829633386 0
4.110724939175782 4.435905136893773 0
4.891746824526946 4.3125 0
4.687189134015198 4.895506813913563 0
4.118262685101794 4.669225973923014 0
4.309891853563649 4.107015042609641 0
4.879230463236313 4.813090642376459 0
4.187500000000001 4.891746824526945 0
4.10948519218871 4.203342065597671 0
4.81197032883989 4.105846505631979 0
4.687411721473314 4.107852063832875 0
4.622238267877905 4.21485350682715 0
4.499539711312984 4.216230876926283 0
4.559215977497501 4.32285214788377 0
4.435039950518688 4.323249626922955 0
4.499511558504778 4.432722117025587 0
4.61305714192526 4.432700821291465 0
4.556989618252143 4.543150684480658 0
4.436500196126155 4.5415315810734 0
4.498914969063052 4.649877471308914 0
4.620462266066336 4.651878141795937 0
4.374873370091669 4.649556961133928 0
4.312312261036305 4.541316479365897 0
4.562500000000004 4.757772228311383 0
4.250000000000003 4.649519052838333 0
4.313317681579982 4.752371073355065 0
4.685881360403853 4.750344556722247 0
4.755813845157046 4.642263876182228 0
4.18757105327818 4.544997516882419 0
4.250000000000001 4.433012701892223 0
4.177873219372126 4.323214048052189 0
4.301484014301646 4.317882981997123 0
4.237568194167879 4.213123246690023 0
4.371550443317243 4.214925022963065 0
4.764667250201037 4.229066006106814 0
4.562500000000001 4.891746824526946 0
4.891746824526945 4.6875 0
4.777422641196527 4.526552783588837 0
4.862876946196046 4.438201752818052 0
4.781907465478099 4.345191071774813 0
4.312500000000002 4.891746824526945 0
4.437500000000004 4.757772228311385 0
4.436724048594508 4.107884730846115 0
4.372474663414595 4.431619248046197 0
4.895900485778609 4.187932177903321 0
4.808146278818613 4.907074351326529 0
4.103415783057214 4.806637993160525 0
4.191133356128493 4.102826913559422 0
4.792327383986087 4.74371081557924 0
4.201088939441103 4.749926650467067 0
4.673926662060057 4.322398857394404 0
4.084535701237511 4.562500000000002 0
4.67184042322243 4.54227566419079 0
4.077337554525797 4.312500000000001 0
4.09150635094611 4.908493649053891 0
4.09150635094611 4.09150635094611 0
4.90849364905389 4.091506350946109 0
4.908493649053891 4.90849364905389 0
4.73017188001307 4.43455349184306 0
4.625 4.824759526419166 0
4.500000000000002 4.824759526419166 0
4.375000000000004 4.824759526419165 0
4.26016083243594 4.824693229215308 0
4.748964426606276 4.825355002615265 0
2 6 0 66
835
836
837
838
839
840
841
842
843
844
845
846
847
848
849
850
851
852
853
854
855
856
857
858
859
860
861
862
863
864
865
866
867
868
869
870
871
872
873
874
875
876
877
878
879
880
881
882
883
884
885
886
887
888
889
890
891
892
893
894
895
896
897
898
899
900
1.437500000000001 3.891746824526946 0
1.112424381024615 3.428512301152362 0
1.562499999999999 3.108253175473055 0
1.889275060824219 3.564094863106228 0
1.881737314898206 3.330774026076987 0
1.112037015619428 3.698340706838323 0
1.690108146436351 3.89298495739036 0
1.312810865984802 3.104493186086437 0
1.812499999999999 3.108253175473055 0
1.18802967116011 3.894153494368021 0
1.120769536763687 3.18690935762354 0
1.890514807811292 3.796657934402329 0
1.562934691072726 3.891953180004181 0
1.500072448512121 3.78352804163343 0
1.37501207475202 3.783499381150482 0
1.437514087210689 3.675247161026858 0
1.564350420236861 3.676393410988771 0
1.500310751241257 3.567180568916775 0
1.37505413974199 3.567020624483618 0
1.437560815163874 3.458771888832199 0
1.562561927734188 3.458772628802472 0
1.499999999999998 3.350480947161674 0
1.375010135860645 3.350487241527918 0
1.625010321289028 3.350487364856297 0
1.687512041503868 3.458741609945121 0
1.4375 3.242227771688619 0
1.749999999999996 3.350480947161671 0
1.686675253999504 3.247631618942692 0
1.313381171257151 3.247676921422101 0
1.232938670448628 3.359786206641373 0
1.812414006461629 3.455007422684846 0
1.750000000000001 3.566987298107779 0
1.822126780627876 3.676785951947812 0
1.698515985698358 3.68211701800288 0
1.762431805832124 3.786876753309978 0
1.628382559260541 3.785028347507017 0
1.312499999999999 3.458734122634728 0
1.254267002271034 3.566128072606218 0
1.316850344530886 3.673011540584449 0
1.110345488535191 3.309548555406819 0
1.687499999999998 3.108253175473056 0
1.128003299618035 3.564464899362147 0
1.627208521069089 3.568365422460633 0
1.4375 3.108253175473055 0
1.312590290985356 3.892148891516557 0
1.231212616470188 3.772886372347696 0
1.562499999999997 3.242227771688623 0
1.896584216942786 3.193362006839475 0
1.104059479318723 3.813590808441063 0
1.191853721181388 3.09292564867347 0
1.808866643871509 3.897173086440579 0
1.205694088079677 3.255713207695714 0
1.798911060558895 3.250073349532933 0
1.915464298762487 3.437499999999999 0
1.208026670672462 3.475525120479365 0
1.208474055701914 3.654966318347767 0
1.922662445474204 3.687499999999999 0
1.091506350946109 3.908493649053892 0
1.90849364905389 3.091506350946111 0
1.90849364905389 3.90849364905389 0
1.091506350946109 3.09150635094611 0
1.499999999999999 3.175240473580837 0
1.374999999999999 3.175240473580834 0
1.624999999999996 3.175240473580835 0
1.739838652664605 3.175306967016307 0
1.251035573393725 3.174644997384735 0
2 7 0 66
901
902
903
904
905
906
907
908
909
910
911
912
913
914
915
916
917
918
919
920
921
922
923
924
925
926
927
928
929
930
931
932
933
934
935
936
937
938
939
940
941
942
943
944
945
946
947
948
949
950
951
952
953
954
955
956
957
958
959
960
961
962
963
964
965
966
5.108253175473054 3.437500000000001 0
5.891746824526945 3.562499999999998 0
5.564094863106234 3.110724939175772 0
5.428512301152358 3.887575618975379 0
5.330774026076996 3.118262685101783 0
5.69834070683832 3.887962984380571 0
5.104493186086437 3.687189134015196 0
5.892964253783479 3.309855993864612 0
5.796657934402335 3.109485192188697 0
5.186909357623535 3.879230463236309 0
5.89415349436802 3.81197032883989 0
5.108253175473055 3.1875 0
5.891929025796147 3.437023472611739 0
5.783503312325204 3.499884719069591 0
5.783495259599106 3.624980786511595 0
5.675242352550256 3.562477584263524 0
5.676367784417751 3.43560519324009 0
5.567175496408838 3.49968046291726 0
5.567018977652857 3.624943007863455 0
5.458770768942415 3.562437245130105 0
5.45877159673619 3.437436284674549 0
5.350480947161675 3.499999999999976 0
5.350487054879617 3.624989540854996 0
5.350487192845257 3.374989380779071 0
5.458741409265578 3.312487610908927 0
5.242227771688617 3.562499999999969 0
5.350480947161689 3.249999999999977 0
5.247631608494999 3.313324727904505 0
5.247676910085341 3.68661880910699 0
5.359786178357786 3.767061280562762 0
5.455007405620275 3.187585963981621 0
5.566987298107797 3.249999999999991 0
5.676785951947823 3.177873219372107 0
5.682117018002903 3.301484014301623 0
5.786473502473404 3.235595682293042 0
5.673152982024916 3.683857769238162 0
5.5657798828751 3.745125483869561 0
5.772848551333334 3.768900421532385 0
5.458734122634722 3.687499999999983 0
5.309548552039723 3.889654505632827 0
5.890374021637901 3.690558589480644 0
5.564415157971983 3.871909912687761 0
5.108253175473055 3.312500000000001 0
5.108253175473054 3.562500000000001 0
5.242227771688624 3.43749999999997 0
5.568360100489842 3.372782261007073 0
5.784486632542117 3.372296748654953 0
5.092925648673466 3.808146278818612 0
5.813586305939353 3.895953977586345 0
5.193362006839477 3.103415783057212 0
5.897173086440596 3.191133356128471 0
5.25571319909822 3.794305897029033 0
5.250073349532961 3.201088939441079 0
5.47544552859839 3.791834459219089 0
5.4375 3.084535701237504 0
5.654907456208731 3.791551314341688 0
5.6875 3.077337554525783 0
5.908493649053892 3.091506350946108 0
5.09150635094611 3.908493649053889 0
5.091506350946109 3.09150635094611 0
5.908493649053891 3.90849364905389 0
5.175240473580857 3.374999999999968 0
5.175240473580851 3.499999999999969 0
5.17524047358085 3.624999999999966 0
5.175306966254833 3.26016134601644 0
5.174644997384717 3.748964426606276 0
2 8 0 66
967
968
969
970
971
972
973
974
975
976
977
978
979
980
981
982
983
984
985
986
987
988
989
990
991
992
993
994
995
996
997
998
999
1000
1001
1002
1003
1004
1005
1006
1007
1008
1009
1010
1011
1012
1013
1014
1015
1016
1017
1018
1019
1020
1021
1022
1023
1024
1025
1026
1027
1028
1029
1030
1031
1032
2.891746824526945 2.562499999999999 0
2.108253175473055 2.437500000000001 0
2.568878829633387 2.121259140952524 0
2.435905136893772 2.889275060824219 0
2.10701504260964 2.690108146436352 0
2.3125 2.108253175473054 0
2.669225973923012 2.881737314898207 0
2.895506813913563 2.312810865984802 0
2.10584650563198 2.18802967116011 0
2.813090642376459 2.120769536763688 0
2.20334206559767 2.890514807811292 0
2.891746824526945 2.8125 0
2.107852063832876 2.312588278526686 0
2.21485350682715 2.377761732122095 0
2.216230876926283 2.500460288687016 0
2.32285214788377 2.440784022502499 0
2.323249626922953 2.564960049481312 0
2.432722117025585 2.500488441495222 0
2.432700821291465 2.38694285807474 0
2.543150684480656 2.443010381747858 0
2.541531581073398 2.563499803873846 0
2.649877471308912 2.501085030936951 0
2.651878141795937 2.379537733933666 0
2.649556961133924 2.625126629908332 0
2.541316479365893 2.687687738963695 0
2.757772228311382 2.4375 0
2.649519052838328 2.749999999999998 0
2.752371073355061 2.68668231842002 0
2.750344556722248 2.314118639596151 0
2.642263876182229 2.244186154842955 0
2.544997516882415 2.812428946721819 0
2.433012701892219 2.749999999999998 0
2.323214048052187 2.822126780627876 0
2.317882981997117 2.698515985698358 0
2.213123246690021 2.762431805832125 0
2.229066006106814 2.235332749798963 0
2.214925022963063 2.628449556682757 0
2.687499999999998 2.108253175473055 0
2.526552783588838 2.222577358803474 0
2.438201752818052 2.137123053803954 0
2.345191071774813 2.218092534521901 0
2.891746824526945 2.687499999999998 0
2.107884730846115 2.563275951405492 0
2.891746824526946 2.437499999999999 0
2.757772228311381 2.562499999999999 0
2.431619248046194 2.627525336585405 0
2.806637993160524 2.896584216942786 0
2.907074351326529 2.191853721181388 0
2.187932177903321 2.10409951422139 0
2.10282691355942 2.80886664387151 0
2.74371081557924 2.207672616013915 0
2.749926650467062 2.798911060558898 0
2.322398857394404 2.326073337939944 0
2.562500000000001 2.915464298762488 0
2.542275664190791 2.328159576777571 0
2.312500000000001 2.922662445474205 0
2.09150635094611 2.908493649053891 0
2.091506350946109 2.09150635094611 0
2.90849364905389 2.091506350946109 0
2.90849364905389 2.90849364905389 0
2.434553491843061 2.269828119986931 0
2.824759526419164 2.624999999999998 0
2.824759526419165 2.374999999999999 0
2.824759526419165 2.499999999999999 0
2.824693229215304 2.73983916756406 0
2.825355002615265 2.251035573393724 0
2 9 0 66
1033
1034
1035
1036
1037
1038
1039
1040
1041
1042
1043
1044
1045
1046
1047
1048
1049
1050
1051
1052
1053
1054
1055
1056
1057
1058
1059
1060
1061
1062
1063
1064
1065
1066
1067
1068
1069
1070
1071
1072
1073
1074
1075
1076
1077
1078
1079
1080
1081
1082
1083
1084
1085
1086
1087
1088
1089
1090
1091
1092
1093
1094
1095
1096
1097
1098
4.11072493917578 2.435905136893772 0
4.887575618975384 2.571487698847638 0
4.562499999999999 2.108253175473055 0
4.437500000000002 2.891746824526945 0
4.687189134015197 2.895506813913563 0
4.309891853563649 2.10701504260964 0
4.887962984380572 2.301659293161677 0
4.118262685101792 2.669225973923012 0
4.81197032883989 2.105846505631979 0
4.187500000000001 2.891746824526945 0
4.879230463236311 2.813090642376461 0
4.109485192188708 2.203342065597671 0
4.687411721473314 2.107852063832876 0
4.624985286912218 2.21643949900608 0
4.499997547818702 2.216495208956105 0
4.562497139121819 2.324746527430825 0
4.435663116873694 2.323609412185767 0
4.499693375999252 2.432818849688597 0
4.624948419186844 2.432978226693559 0
4.562440299197681 2.541227822798227 0
4.437438945866155 2.541227226236829 0
4.499999999999999 2.649519052838329 0
4.624990049866279 2.649512710410488 0
4.374989824311026 2.649512610983588 0
4.312488128362863 2.541258361868077 0
4.562499999999998 2.757772228311383 0
4.25 2.649519052838329 0
4.313324754844031 2.752368379589857 0
4.686618840023637 2.752323075658707 0
4.76706135769533 2.640213786075658 0
4.187586007982818 2.544992574918316 0
4.249999999999999 2.433012701892221 0
4.177873219372123 2.323214048052188 0
4.301484014301642 2.317882981997119 0
4.237568194167876 2.213123246690022 0
4.371679134133995 2.214999322640758 0
4.769408771908925 2.226786613725104 0
4.687499999999998 2.541265877365273 0
4.745733424217104 2.433871735923312 0
4.312500000000002 2.891746824526945 0
4.889654514815279 2.690451443726161 0
4.372794596900601 2.431634922311435 0
4.437499999999999 2.757772228311382 0
4.436793873275755 2.10792504414463 0
4.871996761308842 2.435535073284928 0
4.687499999999998 2.324759526419164 0
4.562500000000001 2.891746824526946 0
4.103415783057214 2.806637993160525 0
4.896014495488314 2.186370261329508 0
4.808146278818612 2.90707435132653 0
4.191133356128491 2.10282691355942 0
4.794305920475367 2.744286790090451 0
4.201088939441101 2.749926650467063 0
4.791973432439332 2.524474834299362 0
4.084535701237511 2.562500000000001 0
4.791207323309751 2.339194593712869 0
4.077337554525794 2.312500000000002 0
4.09150635094611 2.90849364905389 0
4.091506350946109 2.09150635094611 0
4.908493649053891 2.90849364905389 0
4.90849364905389 2.091506350946109 0
4.375000000000002 2.824759526419165 0
4.499999999999999 2.824759526419164 0
4.624999999999997 2.824759526419163 0
4.260161347979967 2.824693032876733 0
4.748964426606275 2.825355002615268 0
2 10 0 66
1099
1100
1101
1102
1103
1104
1105
1106
1107
1108
1109
1110
1111
1112
1113
1114
1115
1116
1117
1118
1119
1120
1121
1122
1123
1124
1125
1126
1127
1128
1129
1130
1131
1132
1133
1134
1135
1136
1137
1138
1139
1140
1141
1142
1143
1144
1145
1146
1147
1148
1149
1150
1151
1152
1153
1154
1155
1156
1157
1158
1159
1160
1161
1162
1163
1164
1.437500000000001 1.891746824526945 0
1.108253175473055 1.437500000000001 0
1.562499999999999 1.108253175473055 0
1.889275060824221 1.564094863106228 0
1.690108146436352 1.89298495739036 0
1.881737314898207 1.330774026076986 0
1.102316632530161 1.680415678588292 0
1.309653106370555 1.116146675925371 0
1.188029671160111 1.894153494368021 0
1.105661943683811 1.187020066727957 0
1.890514807811294 1.79665793440233 0
1.812499999999999 1.108253175473055 0
1.562934691072726 1.891953180004181 0
1.500072448512121 1.78352804163343 0
1.375012074752022 1.78349938115048 0
1.43751408721069 1.675247161026858 0
1.564350420236864 1.676393410988772 0
1.50031075124126 1.567180568916776 0
1.381866103586249 1.566229305415808 0
1.440298467740984 1.457714899395087 0
1.563018203163708 1.458596463896288 0
1.500552778484115 1.350288133498661 0
1.377160866307249 1.349353838085421 0
1.625065049905722 1.350460874736902 0
1.687597208844906 1.458707834107525 0
1.437500000000001 1.242227771688619 0
1.749999999999996 1.350480947161671 0
1.68667857813803 1.247630009970426 0
1.315932807027987 1.242909716496812 0
1.242232367776932 1.358411141883216 0
1.812421248582468 1.455004550589812 0
1.750000000000006 1.566987298107779 0
1.822126780627881 1.676785951947812 0
1.698515985698364 1.682117018002881 0
1.762431805832128 1.786876753309979 0
1.628382559260543 1.785028347507017 0
1.105678205107413 1.561319279764717 0
1.211088100519682 1.500533987997264 0
1.110159723854705 1.30726111455865 0
1.4375 1.108253175473053 0
1.687499999999999 1.108253175473054 0
1.312590290985357 1.892148891516555 0
1.247797597485042 1.794172718690941 0
1.627298761530851 1.56833043233667 0
1.303482879879304 1.675080343182743 0
1.562499999999996 1.242227771688622 0
1.117655663585749 1.802265625062926 0
1.184683772487845 1.104955064812095 0
1.896584216942786 1.193362006839474 0
1.80886664387151 1.897173086440579 0
1.199627173743755 1.616460520921355 0
1.322259193007426 1.462818284074316 0
1.798911060558894 1.250073349532932 0
1.209508306674817 1.224074872545457 0
1.915464298762489 1.4375 0
1.922662445474207 1.687499999999999 0
1.09150635094611 1.908493649053892 0
1.90849364905389 1.90849364905389 0
1.091506350946108 1.091506350946109 0
1.90849364905389 1.091506350946111 0
1.281257831447149 1.567790001255781 0
1.375000000000004 1.175240473580839 0
1.499999999999999 1.175240473580838 0
1.624999999999993 1.17524047358084 0
1.739838894948754 1.175306849744275 0
1.19393939297882 1.713623834739333 0
2 11 0 66
1165
1166
1167
1168
1169
1170
1171
1172
1173
1174
1175
1176
1177
1178
1179
1180
1181
1182
1183
1184
1185
1186
1187
1188
1189
1190
1191
1192
1193
1194
1195
1196
1197
1198
1199
1200
1201
1202
1203
1204
1205
1206
1207
1208
1209
1210
1211
1212
1213
1214
1215
1216
1217
1218
1219
1220
1221
1222
1223
1224
1225
1226
1227
1228
1229
1230
3.108253175473054 1.437500000000001 0
3.571487698847638 1.112424381024615 0
3.891746824526945 1.562499999999999 0
3.435905136893772 1.889275060824219 0
3.669225973923013 1.881737314898206 0
3.301659293161677 1.112037015619428 0
3.10701504260964 1.690108146436351 0
3.895506813913563 1.312810865984802 0
3.891746824526945 1.812499999999999 0
3.105846505631979 1.18802967116011 0
3.81309064237646 1.120769536763687 0
3.203342065597671 1.890514807811292 0
3.108046819995819 1.562934691072726 0
3.21647195836657 1.500072448512121 0
3.216500618849518 1.37501207475202 0
3.324752838973142 1.437514087210689 0
3.323606589011229 1.564350420236861 0
3.432819431083225 1.500310751241257 0
3.432979375516382 1.37505413974199 0
3.541228111167801 1.437560815163874 0
3.541227371197528 1.562561927734188 0
3.649519052838326 1.499999999999998 0
3.649512758472082 1.375010135860645 0
3.649512635143703 1.625010321289028 0
3.541258390054879 1.687512041503868 0
3.757772228311381 1.4375 0
3.649519052838329 1.749999999999996 0
3.752368381057308 1.686675253999504 0
3.752323078577899 1.313381171257151 0
3.640213793358627 1.232938670448628 0
3.544992577315154 1.812414006461629 0
3.433012701892221 1.750000000000001 0
3.323214048052188 1.822126780627876 0
3.31788298199712 1.698515985698358 0
3.213123246690022 1.762431805832124 0
3.214971652492983 1.628382559260541 0
3.541265877365272 1.312499999999999 0
3.433871927393782 1.254267002271034 0
3.326988459415551 1.316850344530886 0
3.690451444593181 1.110345488535191 0
3.891746824526944 1.687499999999998 0
3.435535100637853 1.128003299618035 0
3.431634577539367 1.627208521069089 0
3.891746824526945 1.4375 0
3.107851108483443 1.312590290985356 0
3.227113627652304 1.231212616470188 0
3.757772228311377 1.562499999999997 0
3.806637993160525 1.896584216942786 0
3.186409191558937 1.104059479318723 0
3.90707435132653 1.191853721181388 0
3.102826913559421 1.808866643871509 0
3.744286792304286 1.205694088079677 0
3.749926650467067 1.798911060558895 0
3.562500000000001 1.915464298762487 0
3.524474879520635 1.208026670672462 0
3.345033681652233 1.208474055701914 0
3.312500000000001 1.922662445474204 0
3.091506350946108 1.091506350946109 0
3.908493649053889 1.90849364905389 0
3.09150635094611 1.90849364905389 0
3.90849364905389 1.091506350946109 0
3.824759526419163 1.499999999999999 0
3.824759526419166 1.374999999999999 0
3.824759526419165 1.624999999999996 0
3.824693032983693 1.739838652664605 0
3.825355002615265 1.251035573393725 0
2 12 0 66
1231
1232
1233
1234
1235
1236
1237
1238
1239
1240
1241
1242
1243
1244
1245
1246
1247
1248
1249
1250
1251
1252
1253
1254
1255
1256
1257
1258
1259
1260
1261
1262
1263
1264
1265
1266
1267
1268
1269
1270
1271
1272
1273
1274
1275
1276
1277
1278
1279
1280
1281
1282
1283
1284
1285
1286
1287
1288
1289
1290
1291
1292
1293
1294
1295
1296
5.108253175473054 1.437500000000001 0
5.562499999999999 1.108253175473055 0
5.891746824526946 1.562499999999999 0
5.43590513689377 1.889275060824218 0
5.669225973923011 1.881737314898208 0
5.313521627201596 1.107663338733202 0
5.883853324074629 1.309653106370553 0
5.107015042609637 1.690108146436355 0
5.812979933272043 1.105661943683811 0
5.203342065597668 1.890514807811295 0
5.119739080582317 1.198264371009671 0
5.891746824526945 1.812499999999999 0
5.108046819995819 1.562934691072726 0
5.21647195836657 1.500072448512122 0
5.21213238974845 1.382578069494174 0
5.323276917771667 1.440070457719614 0
5.323360602144314 1.564776481988349 0
5.432887687448481 1.500210283029118 0
5.433669867636155 1.383943428288734 0
5.542279672174448 1.440627943822707 0
5.541414007426178 1.56305637114197 0
5.64971270698334 1.50061405249411 0
5.650645397256497 1.377225991322533 0
5.649539812326053 1.625071089870995 0
5.541294025623375 1.687604576835492 0
5.757772228311381 1.437499999999993 0
5.649519052838324 1.749999999999999 0
5.7523700317608 1.686678944996958 0
5.757090250328718 1.315935632457282 0
5.641588776705295 1.242239301495765 0
5.544995607550565 1.812421875112277 0
5.433012701892215 1.749999999999995 0
5.323214048052185 1.82212678062788 0
5.317882981997108 1.698515985698362 0
5.213123246690016 1.762431805832133 0
5.757772228311385 1.562499999999993 0
5.214942368342157 1.628433280897625 0
5.437670271200265 1.108154869349747 0
5.500091457723272 1.214952200628109 0
5.692738871872768 1.110160879474509 0
5.376509264072753 1.208507106170408 0
5.253076039637517 1.204507489900024 0
5.891746824526946 1.687499999999999 0
5.891746824526945 1.437499999999998 0
5.105818153375216 1.321827696774232 0
5.431642001088612 1.627360616448881 0
5.19214051639459 1.100323591764834 0
5.806637993160526 1.896584216942787 0
5.895044935187905 1.184683772487845 0
5.102826913559413 1.80886664387152 0
5.318706964759146 1.312960562966912 0
5.537873185631426 1.323280476011415 0
5.749926650467057 1.798911060558904 0
5.775925112198051 1.209509606051951 0
5.5625 1.915464298762486 0
5.312500000000001 1.922662445474206 0
5.908493649053892 1.091506350946107 0
5.091506350946111 1.908493649053889 0
5.091506350946108 1.09150635094611 0
5.90849364905389 1.90849364905389 0
5.824759526419161 1.625 0
5.437500000000004 1.283493649053892 0
5.824759526419166 1.374999999999998 0
5.824759526419164 1.499999999999997 0
5.824693153297352 1.739838921687744 0
5.197375473854565 1.286313207301693 0
2 13 0 66
1297
1298
1299
1300
1301
1302
1303
1304
1305
1306
1307
1308
1309
1310
1311
1312
1313
1314
1315
1316
1317
1318
1319
1320
1321
1322
1323
1324
1325
1326
1327
1328
1329
1330
1331
1332
1333
1334
1335
1336
1337
1338
1339
1340
1341
1342
1343
1344
1345
1346
1347
1348
1349
1350
1351
1352
1353
1354
1355
1356
1357
1358
1359
1360
1361
1362
3.88927506082422 3.564094863106229 0
3.437500000000001 3.891746824526945 0
3.121259140952524 3.431121170366613 0
3.562499999999999 3.108253175473055 0
3.690108146436353 3.892984957390361 0
3.108253175473054 3.6875 0
3.881737314898208 3.330774026076989 0
3.312810865984802 3.104493186086437 0
3.18802967116011 3.89415349436802 0
3.120769536763688 3.18690935762354 0
3.890514807811293 3.79665793440233 0
3.8125 3.108253175473055 0
3.312588278526686 3.892147936167125 0
3.377761732122096 3.78514649317285 0
3.500460288687017 3.783769123073718 0
3.4407840225025 3.677147852116231 0
3.564960049481313 3.676750373077048 0
3.500488441495224 3.567277882974415 0
3.386942858074741 3.567299178708536 0
3.44301038174786 3.456849315519344 0
3.563499803873848 3.458468418926603 0
3.501085030936953 3.350122528691089 0
3.379537733933668 3.348121858204064 0
3.625126629908335 3.350443038866076 0
3.687687738963698 3.458683520634108 0
3.437500000000002 3.242227771688619 0
3.750000000000001 3.350480947161674 0
3.686682318420023 3.24762892664494 0
3.314118639596153 3.249655443277753 0
3.244186154842956 3.357736123817771 0
3.812428946721821 3.455002483117586 0
3.75 3.566987298107782 0
3.822126780627879 3.676785951947814 0
3.69851598569836 3.682117018002884 0
3.762431805832128 3.78687675330998 0
3.235332749798963 3.770933993893186 0
3.108253175473055 3.312500000000001 0
3.222577358803475 3.473447216411162 0
3.137123053803955 3.561798247181948 0
3.218092534521901 3.654808928225187 0
3.687499999999999 3.108253175473055 0
3.628449556682759 3.785074977036937 0
3.627525336585407 3.568380751953807 0
3.563275951405492 3.892115269153885 0
3.437499999999999 3.108253175473054 0
3.562500000000002 3.242227771688619 0
3.104099514221391 3.812067822096679 0
3.896584216942786 3.193362006839476 0
3.191853721181388 3.09292564867347 0
3.808866643871512 3.897173086440582 0
3.207672616013916 3.25628918442076 0
3.7989110605589 3.25007334953294 0
3.326073337939944 3.677601142605596 0
3.915464298762489 3.437499999999999 0
3.328159576777572 3.45772433580921 0
3.922662445474206 3.687499999999999 0
3.90849364905389 3.90849364905389 0
3.09150635094611 3.90849364905389 0
3.09150635094611 3.09150635094611 0
3.90849364905389 3.09150635094611 0
3.269828119986931 3.56544650815694 0
3.375000000000003 3.175240473580838 0
3.624999999999999 3.175240473580835 0
3.5 3.175240473580835 0
3.739839167564061 3.175306770784697 0
3.251035573393725 3.174644997384734 0
2 14 0 2181
1363
1364
1365
1366
1367
1368
1369
1370
1371
1372
1373
1374
1375
1376
1377
1378
1379
1380
1381
1382
1383
1384
1385
1386
1387
1388
1389
1390
1391
1392
1393
1394
1395
1396
1397
1398
1399
1400
1401
1402
1403
1404
1405
1406
1407
1408
1409
1410
1411
1412
1413
1414
1415
1416
1417
1418
1419
1420
1421
1422
1423
1424
1425
1426
1427
1428
1429
1430
1431
1432
1433
1434
1435
1436
1437
1438
1439
1440
1441
1442
1443
1444
1445
1446
1447
1448
1449
1450
1451
1452
1453
1454
1455
1456
1457
1458
1459
1460
1461
1462
1463
1464
1465
1466
1467
1468
1469
1470
1471
1472
1473
1474
1475
1476
1477
1478
1479
1480
1481
1482
1483
1484
1485
1486
1487
1488
1489
1490
1491
1492
1493
1494
1495
1496
1497
1498
1499
1500
1501
1502
1503
1504
1505
1506
1507
1508
1509
1510
1511
1512
1513
1514
1515
1516
1517
1518
1519
1520
1521
1522
1523
1524
1525
1526
1527
1528
1529
1530
1531
1532
1533
1534
1535
1536
1537
1538
1539
1540
1541
1542
1543
1544
1545
1546
1547
1548
1549
1550
1551
1552
1553
1554
1555
1556
1557
1558
1559
1560
1561
1562
1563
1564
1565
1566
1567
1568
1569
1570
1571
1572
1573
1574
1575
1576
1577
1578
1579
1580
1581
1582
1583
1584
1585
1586
1587
1588
1589
1590
1591
1592
1593
1594
1595
1596
1597
1598
1599
1600
1601
1602
1603
1604
1605
1606
1607
1608
1609
1610
1611
1612
1613
1614
1615
1616
1617
1618
1619
1620
1621
1622
1623
1624
1625
1626
1627
1628
1629
1630
1631
1632
1633
1634
1635
1636
1637
1638
1639
1640
1641
1642
1643
1644
1645
1646
1647
1648
1649
1650
1651
1652
1653
1654
1655
1656
1657
1658
1659
1660
1661
1662
1663
1664
1665
1666
1667
1668
1669
1670
1671
1672
1673
1674
1675
1676
1677
1678
1679
1680
1681
1682
1683
1684
1685
1686
1687
1688
1689
1690
1691
1692
1693
1694
1695
1696
1697
1698
1699
1700
1701
1702
1703
1704
1705
1706
1707
1708
1709
1710
1711
1712
1713
1714
1715
1716
1717
1718
1719
1720
1721
1722
1723
1724
1725
1726
1727
1728
1729
1730
1731
1732
1733
1734
1735
1736
1737
1738
1739
1740
1741
1742
1743
1744
1745
1746
1747
1748
1749
1750
1751
1752
1753
1754
1755
1756
1757
1758
1759
1760
1761
1762
1763
1764
1765
1766
1767
1768
1769
1770
1771
1772
1773
1774
1775
1776
1777
1778
1779
1780
1781
1782
1783
1784
1785
1786
1787
1788
1789
1790
1791
1792
1793
1794
1795
1796
1797
1798
1799
1800
1801
1802
1803
1804
1805
1806
1807
1808
1809
1810
1811
1812
1813
1814
1815
1816
1817
1818
1819
1820
1821
1822
1823
1824
1825
1826
1827
1828
1829
1830
1831
1832
1833
1834
1835
1836
1837
1838
1839
1840
1841
1842
1843
1844
1845
1846
1847
1848
1849
1850
1851
1852
1853
1854
1855
1856
1857
1858
1859
1860
1861
1862
1863
1864
1865
1866
1867
1868
1869
1870
1871
1872
1873
1874
1875
1876
1877
1878
1879
1880
1881
1882
1883
1884
1885
1886
1887
1888
1889
1890
1891
1892
1893
1894
1895
1896
1897
1898
1899
1900
1901
1902
1903
1904
1905
1906
1907
1908
1909
1910
1911
1912
1913
1914
1915
1916
1917
1918
1919
1920
1921
1922
1923
1924
1925
1926
1927
1928
1929
1930
1931
1932
1933
1934
1935
1936
1937
1938
1939
1940
1941
1942
1943
1944
1945
1946
1947
1948
1949
1950
1951
1952
1953
1954
1955
1956
1957
1958
1959
1960
1961
1962
1963
1964
1965
1966
1967
1968
1969
1970
1971
1972
1973
1974
1975
1976
1977
1978
1979
1980
1981
1982
1983
1984
1985
1986
1987
1988
1989
1990
1991
1992
1993
1994
1995
1996
1997
1998
1999
2000
2001
2002
2003
2004
2005
2006
2007
2008
2009
2010
2011
2012
2013
2014
2015
2016
2017
2018
2019
2020
2021
2022
2023
2024
2025
2026
2027
2028
2029
2030
2031
2032
2033
2034
2035
2036
2037
2038
2039
2040
2041
2042
2043
2044
2045
2046
2047
2048
2049
2050
2051
2052
2053
2054
2055
2056
2057
2058
2059
2060
2061
2062
2063
2064
2065
2066
2067
2068
2069
2070
2071
2072
2073
2074
2075
2076
2077
2078
2079
2080
2081
2082
2083
2084
2085
2086
2087
2088
2089
2090
2091
2092
2093
2094
2095
2096
2097
2098
2099
2100
2101
2102
2103
2104
2105
2106
2107
2108
2109
2110
2111
2112
2113
2114
2115
2116
2117
2118
2119
2120
2121
2122
2123
2124
2125
2126
2127
2128
2129
2130
2131
2132
2133
2134
2135
2136
2137
2138
2139
2140
2141
2142
2143
2144
2145
2146
2147
2148
2149
2150
2151
2152
2153
2154
2155
2156
2157
2158
2159
2160
2161
2162
2163
2164
2165
2166
2167
2168
2169
2170
2171
2172
2173
2174
2175
2176
2177
2178
2179
2180
2181
2182
2183
2184
2185
2186
2187
2188
2189
2190
2191
2192
2193
2194
2195
2196
2197
2198
2199
2200
2201
2202
2203
2204
2205
2206
2207
2208
2209
2210
2211
2212
2213
2214
2215
2216
2217
2218
2219
2220
2221
2222
2223
2224
2225
2226
2227
2228
2229
2230
2231
2232
2233
2234
2235
2236
2237
2238
2239
2240
2241
2242
2243
2244
2245
2246
2247
2248
2249
2250
2251
2252
2253
2254
2255
2256
2257
2258
2259
2260
2261
2262
2263
2264
2265
2266
2267
2268
2269
2270
2271
2272
2273
2274
2275
2276
2277
2278
2279
2280
2281
2282
2283
2284
2285
2286
2287
2288
2289
2290
2291
2292
2293
2294
2295
2296
2297
2298
2299
2300
2301
2302
2303
2304
2305
2306
2307
2308
2309
2310
2311
2312
2313
2314
2315
2316
2317
2318
2319
2320
2321
2322
2323
2324
2325
2326
2327
2328
2329
2330
2331
2332
2333
2334
2335
2336
2337
2338
2339
2340
2341
2342
2343
2344
2345
2346
2347
2348
2349
2350
2351
2352
2353
2354
2355
2356
2357
2358
2359
2360
2361
2362
2363
2364
2365
2366
2367
2368
2369
2370
2371
2372
2373
2374
2375
2376
2377
2378
2379
2380
2381
2382
2383
2384
2385
2386
2387
2388
2389
2390
2391
2392
2393
2394
2395
2396
2397
2398
2399
2400
2401
2402
2403
2404
2405
2406
2407
2408
2409
2410
2411
2412
2413
2414
2415
2416
2417
2418
2419
2420
2421
2422
2423
2424
2425
2426
2427
2428
2429
2430
2431
2432
2433
2434
2435
2436
2437
2438
2439
2440
2441
2442
2443
2444
2445
2446
2447
2448
2449
2450
2451
2452
2453
2454
2455
2456
2457
2458
2459
2460
2461
2462
2463
2464
2465
2466
2467
2468
2469
2470
2471
2472
2473
2474
2475
2476
2477
2478
2479
2480
2481
2482
2483
2484
2485
2486
2487
2488
2489
2490
2491
2492
2493
2494
2495
2496
2497
2498
2499
2500
2501
2502
2503
2504
2505
2506
2507
2508
2509
2510
2511
2512
2513
2514
2515
2516
2517
2518
2519
2520
2521
2522
2523
2524
2525
2526
2527
2528
2529
2530
2531
2532
2533
2534
2535
2536
2537
2538
2539
2540
2541
2542
2543
2544
2545
2546
2547
2548
2549
2550
2551
2552
2553
2554
2555
2556
2557
2558
2559
2560
2561
2562
2563
2564
2565
2566
2567
2568
2569
2570
2571
2572
2573
2574
2575
2576
2577
2578
2579
2580
2581
2582
2583
2584
2585
2586
2587
2588
2589
2590
2591
2592
2593
2594
2595
2596
2597
2598
2599
2600
2601
2602
2603
2604
2605
2606
2607
2608
2609
2610
2611
2612
2613
2614
2615
2616
2617
2618
2619
2620
2621
2622
2623
2624
2625
2626
2627
2628
2629
2630
2631
2632
2633
2634
2635
2636
2637
2638
2639
2640
2641
2642
2643
2644
2645
2646
2647
2648
2649
2650
2651
2652
2653
2654
2655
2656
2657
2658
2659
2660
2661
2662
2663
2664
2665
2666
2667
2668
2669
2670
2671
2672
2673
2674
2675
2676
2677
2678
2679
2680
2681
2682
2683
2684
2685
2686
2687
2688
2689
2690
2691
2692
2693
2694
2695
2696
2697
2698
2699
2700
2701
2702
2703
2704
2705
2706
2707
2708
2709
2710
2711
2712
2713
2714
2715
2716
2717
2718
2719
2720
2721
2722
2723
2724
2725
2726
2727
2728
2729
2730
2731
2732
2733
2734
2735
2736
2737
2738
2739
2740
2741
2742
2743
2744
2745
2746
2747
2748
2749
2750
2751
2752
2753
2754
2755
2756
2757
2758
2759
2760
2761
2762
2763
2764
2765
2766
2767
2768
2769
2770
2771
2772
2773
2774
2775
2776
2777
2778
2779
2780
2781
2782
2783
2784
2785
2786
2787
2788
2789
2790
2791
2792
2793
2794
2795
2796
2797
2798
2799
2800
2801
2802
2803
2804
2805
2806
2807
2808
2809
2810
2811
2812
2813
2814
2815
2816
2817
2818
2819
2820
2821
2822
2823
2824
2825
2826
2827
2828
2829
2830
2831
2832
2833
2834
2835
2836
2837
2838
2839
2840
2841
2842
2843
2844
2845
2846
2847
2848
2849
2850
2851
2852
2853
2854
2855
2856
2857
2858
2859
2860
2861
2862
2863
2864
2865
2866
2867
2868
2869
2870
2871
2872
2873
2874
2875
2876
2877
2878
2879
2880
2881
2882
2883
2884
2885
2886
2887
2888
2889
2890
2891
2892
2893
2894
2895
2896
2897
2898
2899
2900
2901
2902
2903
2904
2905
2906
2907
2908
2909
2910
2911
2912
2913
2914
2915
2916
2917
2918
2919
2920
2921
2922
2923
2924
2925
2926
2927
2928
2929
2930
2931
2932
2933
2934
2935
2936
2937
2938
2939
2940
2941
2942
2943
2944
2945
2946
2947
2948
2949
2950
2951
2952
2953
2954
2955
2956
2957
2958
2959
2960
2961
2962
2963
2964
2965
2966
2967
2968
2969
2970
2971
2972
2973
2974
2975
2976
2977
2978
2979
2980
2981
2982
2983
2984
2985
2986
2987
2988
2989
2990
2991
2992
2993
2994
2995
2996
2997
2998
2999
3000
3001
3002
3003
3004
3005
3006
3007
3008
3009
3010
3011
3012
3013
3014
3015
3016
3017
3018
3019
3020
3021
3022
3023
3024
3025
3026
3027
3028
3029
3030
3031
3032
3033
3034
3035
3036
3037
3038
3039
3040
3041
3042
3043
3044
3045
3046
3047
3048
3049
3050
3051
3052
3053
3054
3055
3056
3057
3058
3059
3060
3061
3062
3063
3064
3065
3066
3067
3068
3069
3070
3071
3072
3073
3074
3075
3076
3077
3078
3079
3080
3081
3082
3083
3084
3085
3086
3087
3088
3089
3090
3091
3092
3093
3094
3095
3096
3097
3098
3099
3100
3101
3102
3103
3104
3105
3106
3107
3108
3109
3110
3111
3112
3113
3114
3115
3116
3117
3118
3119
3120
3121
3122
3123
3124
3125
3126
3127
3128
3129
3130
3131
3132
3133
3134
3135
3136
3137
3138
3139
3140
3141
3142
3143
3144
3145
3146
3147
3148
3149
3150
3151
3152
3153
3154
3155
3156
3157
3158
3159
3160
3161
3162
3163
3164
3165
3166
3167
3168
3169
3170
3171
3172
3173
3174
3175
3176
3177
3178
3179
3180
3181
3182
3183
3184
3185
3186
3187
3188
3189
3190
3191
3192
3193
3194
3195
3196
3197
3198
3199
3200
3201
3202
3203
3204
3205
3206
3207
3208
3209
3210
3211
3212
3213
3214
3215
3216
3217
3218
3219
3220
3221
3222
3223
3224
3225
3226
3227
3228
3229
3230
3231
3232
3233
3234
3235
3236
3237
3238
3239
3240
3241
3242
3243
3244
3245
3246
3247
3248
3249
3250
3251
3252
3253
3254
3255
3256
3257
3258
3259
3260
3261
3262
3263
3264
3265
3266
3267
3268
3269
3270
3271
3272
3273
3274
3275
3276
3277
3278
3279
3280
3281
3282
3283
3284
3285
3286
3287
3288
3289
3290
3291
3292
3293
3294
3295
3296
3297
3298
3299
3300
3301
3302
3303
3304
3305
3306
3307
3308
3309
3310
3311
3312
3313
3314
3315
3316
3317
3318
3319
3320
3321
3322
3323
3324
3325
3326
3327
3328
3329
3330
3331
3332
3333
3334
3335
3336
3337
3338
3339
3340
3341
3342
3343
3344
3345
3346
3347
3348
3349
3350
3351
3352
3353
3354
3355
3356
3357
3358
3359
3360
3361
3362
3363
3364
3365
3366
3367
3368
3369
3370
3371
3372
3373
3374
3375
3376
3377
3378
3379
3380
3381
3382
3383
3384
3385
3386
3387
3388
3389
3390
3391
3392
3393
3394
3395
3396
3397
3398
3399
3400
3401
3402
3403
3404
3405
3406
3407
3408
3409
3410
3411
3412
3413
3414
3415
3416
3417
3418
3419
3420
3421
3422
3423
3424
3425
3426
3427
3428
3429
3430
3431
3432
3433
3434
3435
3436
3437
3438
3439
3440
3441
3442
3443
3444
3445
3446
3447
3448
3449
3450
3451
3452
3453
3454
3455
3456
3457
3458
3459
3460
3461
3462
3463
3464
3465
3466
3467
3468
3469
3470
3471
3472
3473
3474
3475
3476
3477
3478
3479
3480
3481
3482
3483
3484
3485
3486
3487
3488
3489
3490
3491
3492
3493
3494
3495
3496
3497
3498
3499
3500
3501
3502
3503
3504
3505
3506
3507
3508
3509
3510
3511
3512
3513
3514
3515
3516
3517
3518
3519
3520
3521
3522
3523
3524
3525
3526
3527
3528
3529
3530
3531
3532
3533
3534
3535
3536
3537
3538
3539
3540
3541
3542
3543
3.446517407735676 6.881289759945894 0
4.891510670650978 5.93738064421463 0
2.935695544514106 5.108180142419253 0
3.990032794008645 6.882159061621486 0
2.108505530056379 5.937366722999053 0
4.058475201884918 5.106539121505161 0
2.855646384079127 6.874997118575618 0
3.062024558327584 5.108558526603599 0
2.998365204499762 5.217122418935966 0
3.125572696113915 5.2169579385601 0
3.062438218709355 5.326124310434145 0
3.189487168644916 5.326193891772082 0
3.12470338981807 5.436186966255396 0
3.253254892218457 5.436158694341118 0
3.187843793979706 5.547121832196051 0
3.317454922455469 5.546912749450211 0
3.252760600515957 5.658355879018284 0
3.381773816328639 5.658329651552835 0
4.409607263292612 6.890763454972449 0
3.124024989001356 5.658013981450981 0
3.18854079318224 5.770043974706605 0
4.891746824526946 5.562500000000001 0
0.1175375589130239 4.547347897540958 0
6.881810338093414 4.557009263676956 0
0.1226873726313231 2.440991368883198 0
4.559008631116802 0.1226873726313231 0
2.458227193563724 0.1130324640646805 0
6.871508875409476 2.438220492325334 0
2.103192978243291 5.568300876980494 0
3.056969078977265 5.770119085440022 0
3.123472694147224 5.882114891335832 0
2.444142313798093 6.892345136307533 0
6.878756443470179 6.370000000000001 0
0.1319028304204304 0.6360780293785471 0
6.369438026441523 0.1204908265449798 0
0.1372558945678732 6.356661691592211 0
2.992372311202318 5.882131610316428 0
4.885963249080865 6.063131794887228 0
4.781185970537304 5.999825312927349 0
3.887786409451629 4.697879496278071 0
5.692171463500722 4.105661330803373 0
5.696085045917492 2.110819809360142 0
1.438109806508932 2.891879168874602 0
2.108126776434593 1.438177755512613 0
4.108120831125396 1.438109806508929 0
1.435885799460348 4.113691826181806 0
1.062562841167654 2.891611071241997 0
2.10839634211564 1.062566943392533 0
4.108388928758003 1.062562841167654 0
1.062566943392533 4.89160365788436 0
4.108301975149812 0.9370874283955999 0
0.9370874283955999 2.891698024850188 0
2.930127015906694 5.327142813893886 0
0.7538040421593615 6.872156744079994 0
6.231823144113914 6.879975530401598 0
0.7561161258553128 0.1345136593343264 0
6.880060077253092 0.7697831170928473 0
3.058243678469597 5.995181328050264 0
3.189462880373421 5.99539484045259 0
2.927828855742788 5.994644490196135 0
5.828767172407963 6.108154501150461 0
0.8848227282484777 5.815377230209622 0
1.183897312965001 0.8910359520127762 0
6.106002608053773 1.193981633865233 0
6.124210382884382 5.828069352209785 0
5.798486020277089 0.9069980547170711 0
1.175537234334962 6.109221754474792 0
0.8783491805557651 1.179535903087116 0
3.437499999999999 0.8917468245269458 0
0.8917468245269458 3.562500000000001 0
6.108253175473054 3.437499999999999 0
0.9370315292333675 4.886094897225537 0
2.113905102774463 0.937031529233368 0
2.114044617490477 6.063182212068249 0
3.789943538624499 0.8825947967161345 0
0.8825947967161345 3.210056461375501 0
6.117206095735312 3.790208663351529 0
1.55151572453939 6.114194350964579 0
0.8843907006863958 1.565414125205843 0
6.11838307984428 5.432044425911124 0
5.440086658590901 0.8956708911894409 0
1.552530950015089 0.886750244896811 0
6.107909378301543 5.061725766150492 0
6.108604737973055 4.936891075887964 0
5.452069098928316 6.114813527006676 0
0.8924357490534458 1.939385172823128 0
0.8856893908848842 2.063931124516481 0
6.102899195901504 1.568929886539491 0
0.8862754746239281 5.436422768350445 0
5.076603442793634 0.8841870982619069 0
4.93873364475298 0.8843146157529609 0
6.109802251361002 1.935762138707429 0
6.114682054500995 2.063306434070542 0
0.8912097978803781 3.937234872216715 0
0.8914191312757618 4.063694977179975 0
3.062765127783285 0.8912097978803781 0
2.936268633511562 0.8913982037481101 0
6.108784093742164 3.062762556296506 0
6.108563562429635 2.936366110697449 0
4.429949592443984 5.1076314176434 0
6.868585968312582 4.109413277039986 0
3.188743327431476 5.109495313758234 0
0.1183862818024459 5.109913094924371 0
1.889597168659496 0.1204662829878642 0
2.862043922314271 5.881808386122948 0
5.112742947535905 6.87704485096388 0
1.882523447127417 6.857546870789717 0
4.781280553813808 6.12657082546743 0
4.671582967524921 6.062904749948224 0
5.562238565823827 2.885252544616504 0
3.110748865203033 4.563040854694988 0
5.799263875036349 4.884064181069341 0
2.896017570250541 1.319897148579475 0
1.312658647768558 2.10460519538766 0
4.89539480461234 1.312658647768558 0
3.123602036304998 6.109181497381093 0
3.255643094446415 6.109352936911423 0
1.438187301963814 4.891867591945761 0
5.108253175473055 4.562499999999998 0
4.124256154216366 0.1252849190282523 0
0.1252849190282523 2.875743845783635 0
3.936435436725681 5.107971474420443 0
3.999155097494375 5.216969362651872 0
0.1211000480787137 1.751159664093085 0
6.886786206364492 5.265259332268371 0
5.24322803312428 0.133176522096599 0
6.88185408677849 1.745435502037057 0
6.218179284659263 2.999991194543054 0
6.218604705533767 2.872756043849405 0
6.108015243170042 2.809312048379371 0
6.21817935470869 2.745180101866102 0
0.7815062334413909 4.000054495682468 0
0.7813390180531306 4.127276790770111 0
2.999939439432789 0.781502745520116 0
2.872716133531021 0.7813349488116428 0
5.108253175473054 2.437499999999999 0
3.562500000000001 4.108253175473054 0
1.888403180874088 2.428816814748357 0
2.571194925010668 1.88846988454131 0
4.571183185251638 1.888403180874089 0
0.1328096280117981 5.65586670696424 0
5.66645972765574 6.887473526253043 0
5.67839903412054 0.1270491090846608 0
6.883674861423746 5.659246686072725 0
1.334100088244977 0.1187262290328142 0
6.878756443470179 1.33 0
1.333568780846788 6.881270350505066 0
0.1192396311119293 1.318843508021433 0
0.8919486310551856 4.190739557253016 0
0.7819047855641261 4.254752210111157 0
2.809229275978162 0.8919307070152995 0
2.745247789888843 0.7819047855641275 0
6.889181449717723 3.570321515356703 0
3.570318359219201 0.1107258894638701 0
0.1107258894638701 3.429681640780799 0
0.9999187703222061 2.782979471574884 0
0.8737587594218983 2.782599662757407 0
4.217020528425116 0.9999187703222057 0
4.217400337242593 0.8737587594218978 0
2.797832955815974 5.994021301602146 0
6.217346809275599 4.998101869365705 0
6.218395311726106 4.872022712564993 0
6.220862176335481 1.99798286129374 0
0.781642618552981 2.00207246721696 0
0.7802939778780695 2.128171140326568 0
5.000002532996191 0.7818855159077742 0
4.872697765042648 0.7807917373126445 0
4.671992806107654 6.190862342289824 0
4.561267034316676 6.126855453845108 0
4.561595834779061 5.998629445076739 0
4.450238156556022 6.062436553482415 0
4.45087973912711 5.934090457749617 0
4.339263625581562 5.99776621093302 0
4.338533194317054 6.126482069800992 0
4.226981557287878 6.061589200462495 0
4.228058932346519 5.932577152496915 0
4.115209206580674 5.995969326675426 0
4.114449456961658 6.12602195416051 0
4.002333476046645 6.060146560374345 0
4.003349329060064 5.930056671533051 0
4.000858677430285 6.19061590211661 0
4.89069740761693 6.189622848352659 0
2.733517752883358 5.88125585755115 0
3.189156330382784 6.223951249199214 0
3.322050531483243 6.224113342099946 0
6.107289087185178 2.682063623343383 0
6.220162068808134 2.127330256447963 0
1.88902675277022 4.564341039676941 0
2.437500000000001 5.108253175473054 0
3.874072978264232 5.213709238863559 0
3.81130615643382 5.107498998892072 0
6.880917367814227 3.147266187820139 0
0.113584693164543 3.851434851421195 0
3.148565148578801 0.1135846931645368 0
6.327323669340816 4.932369503541038 0
6.329386541616278 4.807109716734281 0
6.218033838673036 4.743179358893634 0
6.329382495276505 4.678704026889928 0
6.217449518524473 4.614968544737565 0
6.328866311007888 4.549462228198399 0
6.329368072451827 2.06325688188151 0
6.329938193181825 2.19226492344897 0
4.936709735061423 0.6702291550467145 0
4.807686293770725 0.6700605423152508 0
0.6699800348092442 2.063785899688821 0
0.669646036275013 2.192890019403261 0
6.329886737313355 2.808911045380486 0
2.808809105591648 0.6700854193145123 0
2.679644854675575 0.6706372953981776 0
0.6700860975214269 4.191189715125207 0
0.6706363884171891 4.320354947595312 0
6.328985852500618 1.934426618918965 0
6.33402249959728 5.045960770815546 0
5.065607233790503 0.6709461684166911 0
0.6730101177527117 1.940588156896903 0
3.387123066908863 6.109652142256453 0
0.8759008573989058 2.196231557416469 0
4.804357388356644 0.8757546881160154 0
2.68214465316923 0.8926267468771552 0
0.8926289419692215 4.317856138702695 0
3.937331748652357 5.313212409803856 0
4.057134853951744 5.336804893795412 0
3.449962233707271 6.221332595650463 0
2.668311901664016 5.993226999297187 0
2.732344819576639 6.1058623108865 0
5.431940223450402 4.896109514399862 0
2.604595942452852 5.880927048194913 0
2.66898515334554 5.769806857735833 0
6.091155565520851 0.1210368618909317 0
6.878756443470179 6.09 0
5.948863332231682 6.870574964242406 0
0.1306888876032155 0.9356474483673196 0
0.1097121308991866 4.829982127483056 0
6.862870635537598 3.861777260149705 0
0.4913812708349576 6.870409668056103 0
0.1212435565298211 5.950000000000001 0
6.879517870218439 0.4909203077555508 0
6.881924399301246 1.045025190875173 0
2.188313890480007 0.110200935605556 0
1.041709561139398 6.885475018011818 0
6.509684243036851 6.879165452747513 0
0.4919617564854857 0.1292392012074579 0
1.04206183520343 0.1143637314011392 0
3.861487869514598 0.1369028562579722 0
0.1369028562579722 3.138512130485402 0
0.1153935855248402 5.405954699088979 0
1.619879712128239 0.1403577618146508 0
5.390715822195001 6.879094050901086 0
4.835951439174658 6.872781365752874 0
1.607626921332122 6.888665648357272 0
2.168914635251642 6.878895303506668 0
3.715622833848456 6.882346501296256 0
3.149763940083937 6.885121784247771 0
4.56116280327841 6.255886426372669 0
5.937412367564685 4.108439505382362 0
6.062801480464979 4.108363698006331 0
1.562833028839836 2.104812636895962 0
4.895187363104037 1.562833028839838 0
2.883651591897716 1.560695745584146 0
5.425370585374257 2.112032174516338 0
5.425767579169537 4.110668790175159 0
3.887447227976508 4.427920586029676 0
0.8882462750987346 5.184662853238544 0
1.811411236245472 0.9052255046213711 0
1.811144413045439 6.095205109301233 0
2.602586837603419 6.10521659426395 0
2.666892007433722 6.218417401805836 0
2.540299510524491 6.220076735187002 0
4.114273114626141 6.256978364777323 0
3.999513775244881 6.322307369526116 0
2.601575808044547 6.332352946749255 0
2.47791934430573 6.329198656944048 0
4.673584048615012 6.320143191187325 0
3.748565092908095 5.216895613592784 0
3.68696042116013 5.107153418342978 0
2.732646962279834 6.332512856399243 0
4.113596887600267 6.388078228997935 0
3.111234801370273 4.797009464373444 0
6.107932668324926 2.19049243566637 0
2.743934346387568 0.5577764103492098 0
0.5577763831141995 4.256065489682402 0
4.891746824526945 5.312500000000001 0
1.883626069959837 4.329367936593426 0
5.109746334332758 2.693663058929255 0
3.309787571494444 4.115300639042999 0
1.687830600161882 2.891931637281937 0
4.108068362718058 1.687830600161879 0
2.1080852349763 1.687891442735615 0
6.439778896819869 4.869076225547317 0
6.442454431738096 2.127360092514921 0
0.5572416296404406 2.127599043751803 0
4.872579614235568 0.5573522340200583 0
2.874434933172499 0.5574001823361128 0
0.5574002908314295 4.125564842958638 0
5.188452025538303 6.096028228501465 0
4.109218793062429 0.8104129622356253 0
4.214176317166972 0.7461562010124054 0
4.107411368603564 0.6820086189084131 0
4.213903215584584 0.6168175791652408 0
0.8104129622356253 2.890781206937571 0
0.746156201012405 2.785823682833029 0
0.6820086189084131 2.892588631396436 0
0.6168175791652404 2.786096784415416 0
6.883897311989703 2.733744481565995 0
6.329452611991636 2.679762457421546 0
3.255429239166991 6.339613038114768 0
6.441001864723825 2.254907043000015 0
2.613332119181656 0.558389554765415 0
0.5583895547654136 4.386667880818344 0
0.5573607579521318 2.257992658733991 0
4.741899405705418 0.5571085552895672 0
3.890366301894717 5.99407863451226 0
3.891799071316623 5.864205292507744 0
0.6716626517557867 4.450734187554047 0
0.5577239370702598 4.52092869061091 0
2.549265794007785 0.6716655242989868 0
2.481919902565878 0.5591595553491739 0
4.004456782140628 5.80046821409842 0
4.560907826904233 6.386281045639041 0
5.996742960420539 4.235475148017921 0
0.7941264581941154 2.66286153553698 0
4.337138464463019 0.7941264581941168 0
0.9999042122033157 4.782013027488572 0
2.217985049156477 0.9999058701870585 0
1.188019139395458 4.106690330069343 0
5.799710065386643 2.88553085830325 0
2.543534270825592 5.767679053950861 0
2.605875563144177 5.658512108548619 0
2.666091430679482 6.446882039729271 0
2.799134534217753 6.447494230781847 0
4.561752108450323 5.870553037734034 0
4.451711356443829 5.806170511282208 0
3.446034399175366 5.546615192543525 0
3.893436319518862 5.73482038457502 0
4.10455036492399 0.5519196164065638 0
0.5519196164065638 2.89544963507601 0
3.778473960581036 5.927953205824847 0
4.675470251316677 6.45151029475893 0
0.1236986646631117 6.645596476144279 0
6.888850999600311 6.656332147558462 0
6.640142327333148 0.1166476336191309 0
0.1242670764046769 0.3542848119871631 0
3.316846288046949 5.325776977762578 0
5.109539372482184 4.317608785493139 0
1.687499999999999 4.891746824526945 0
2.106271264231137 5.30439645166131 0
3.998799978326214 6.455143960041573 0
3.883625007866471 6.387676620246696 0
4.114617121859712 6.519019687032111 0
6.442018361068651 4.613870619981656 0
6.442691197652114 4.479870852143966 0
6.881886493486572 4.969999473701302 0
6.890101487948375 2.025375151949977 0
0.1139023063962528 2.025738133720218 0
4.974261866279782 0.1139023063962528 0
3.992168530722764 0.6183856643682564 0
0.6183856643682564 3.007831469277236 0
2.732958457012975 5.659031644375559 0
2.669389045308094 5.548693767289115 0
2.542402780211012 5.548338121786629 0
4.217628021035419 0.4857890867991923 0
0.4857890867991923 2.782371978964581 0
2.808930441710235 0.4434316437405523 0
0.4434316572839361 4.191069493656615 0
6.442311776760118 2.744201875044473 0
6.442447710286316 2.874633909326303 0
6.125886168468864 4.217195007362733 0
6.189454292466655 4.109337568947998 0
0.8737090168276471 4.78150424631164 0
0.8103540403163132 4.885925179386584 0
2.218494468751531 0.8737109541570565 0
2.113706914420958 0.810540073425968 0
1.125410692010962 2.783195469431982 0
1.063003800830944 2.674342734752102 0
1.188539918205234 2.67476931173937 0
1.126172732458284 2.565783957869693 0
1.251677024417536 2.566233832385609 0
4.216804530568018 1.125410692010963 0
4.325657265247898 1.063003800830945 0
4.32523068826063 1.188539918205235 0
4.434216042130307 1.126172732458287 0
4.433766167614389 1.251677024417539 0
2.216981210077987 1.125440751206066 0
2.32591949525747 1.063008640664515 0
2.325339621312755 1.188614778772244 0
1.125445507089188 4.783018561513187 0
1.063008019334351 4.674071064562368 0
1.188630589021146 4.674651351238921 0
4.562350374215673 5.742956529640653 0
4.452578888927661 5.678839791708448 0
4.562731523073905 5.615968506454845 0
4.453210361511427 5.551891834495741 0
4.343058699770686 5.614718951501321 0
4.56312203236871 5.489265425362589 0
2.6875 5.108253175473054 0
2.218429165549028 6.000151356205748 0
6.106849631157584 4.679324053704176 0
2.433057679453879 1.128481377768344 0
2.433660049585149 1.252177947141444 0
1.128496232530335 4.566923414056914 0
1.25220147021153 4.566315000375098 0
6.217756412868482 3.127181796761649 0
0.7822348568131536 3.872802852461859 0
3.127197147538141 0.7822348568131536 0
2.217404913168479 5.874165346810766 0
4.342682469915569 0.5564905877857056 0
0.5564905877857056 2.657317530084431 0
1.189306948632517 2.457256924277518 0
1.314778016637357 2.457765694234819 0
1.377165435943987 2.566519523219096 0
1.440111948673807 2.45822119037477 0
1.502353302957852 2.566880099303128 0
4.542743075722481 1.189306948632521 0
4.542234305765178 1.314778016637362 0
4.433480476780898 1.37716543594399 0
4.541778809625223 1.440111948673812 0
4.433119900696864 1.502353302957854 0
2.544272916092544 1.189612429590705 0
2.540303470688445 1.315036138317868 0
2.43308125083151 1.37730682781169 0
2.541467853441527 1.44033326357217 0
2.433048410775129 1.502558840014422 0
0.4435554161192448 4.058787336024691 0
2.941212663975306 0.4435554161192439 0
3.776750544687113 6.057940464229748 0
3.510744582975945 5.658167265583771 0
3.570914941243459 5.54875827218464 0
6.325594223860312 2.316512629840048 0
3.99097278954127 0.4867851121293398 0
3.875703860264254 0.5511361853778531 0
0.4867851121293398 3.00902721045873 0
0.5511361853778531 3.124296139735746 0
3.882604169294781 6.521674169907563 0
3.766857265737321 6.453544162930242 0
6.441744152981726 2.613689641022392 0
0.6677127447086035 2.318584495689865 0
4.681493567245701 0.6677397952715487 0
4.560836959553324 6.518291279752582 0
3.748958267181512 4.999032833863556 0
3.623583949571518 4.998822533125928 0
4.006794282010283 5.672159866137338 0
6.556290882076473 2.192244669092722 0
6.55260094729308 2.066251365092405 0
6.552664867602677 2.317211461044558 0
4.807627652878467 0.4431788564499772 0
4.939917678556085 0.4438869072498708 0
4.675935977476124 0.443120014806055 0
0.4431957133884232 2.192380766458054 0
0.4472919843427499 2.064130139943546 0
0.44316485807289 2.324047436486532 0
6.105970386747047 4.551930778161624 0
5.996237604893491 4.615949042247327 0
1.189649717919356 4.453431255517011 0
1.315074999297258 4.457031844438408 0
1.377374336111524 4.566383920887375 0
1.440371142977704 4.457974718997929 0
1.502606144850742 4.56675116660147 0
1.565987310799577 4.458238992977344 0
1.565297311046825 2.458654176694325 0
1.627518357973025 2.567207023177812 0
4.541345823305665 1.56529731104683 0
4.432792976822176 1.627518357973027 0
2.541344695368662 1.565536062045389 0
2.432825822341092 1.627750629219409 0
4.332479546537863 0.4158596343191152 0
0.4158596343191157 2.667520453462137 0
2.605962604514799 5.438893443910811 0
2.479387076379471 5.438703106687672 0
4.34379402915103 5.487837130486436 0
5.324408091650841 2.882254471751025 0
3.117319238763038 4.325441421531519 0
1.687436442091383 4.10312562076617 0
4.697069613168101 5.109498949126873 0
3.686357297824451 4.890463324576954 0
3.56102046885634 4.890201973680839 0
3.623875931372075 4.781865667981627 0
3.496386695308054 4.78296153009654 0
3.561098090921079 4.673526757978389 0
3.432324609113348 4.675505395705871 0
3.498401253635906 4.565207969711094 0
3.435601450182292 4.890841874332994 0
3.441164238385358 5.766682690551193 0
4.543212651746572 1.063729118003877 0
4.651889842260206 1.126883530393287 0
1.063729118003873 2.456787348253427 0
1.126883530393282 2.348110157739793 0
2.731862778597544 6.563006995072499 0
2.860318663166285 6.556006343435951 0
2.597789633996122 6.56232016177418 0
6.253569009256021 4.214669586172462 0
6.317699315126506 4.107790211138457 0
3.564502823206374 5.106990564246489 0
0.7461020910695213 4.784598267765876 0
0.6824756928294091 4.893827020351134 0
2.215340200379243 0.7461334194760312 0
2.106172979648868 0.6824756928294082 0
2.218959252996464 6.12682128199562 0
2.113604011900366 6.190119237832818 0
2.86470069225759 6.332651562198259 0
2.415858716076213 5.547814881346269 0
2.746041336608556 1.002069063322178 0
4.447716881135354 6.451951330981228 0
2.54641182809017 0.4448812524417192 0
2.414294371630563 0.4457414811018778 0
0.4446419827285641 4.454062937439294 0
0.4410381404883301 4.579930024401323 0
6.556419874779144 2.809303421257848 0
6.555439487008408 2.939871617825235 0
2.87494283328126 0.3277019317145431 0
0.3277019339717739 4.125057155946544 0
4.676179764752284 6.584449362594898 0
4.791187963768378 6.516743623063082 0
3.895304069008368 5.606224514264158 0
1.888248082337674 2.698437937869952 0
4.301562062130043 1.888248082337672 0
2.3015911533229 1.888296906364162 0
6.382776571965486 4.214586113252898 0
6.447629902847172 4.105057506742864 0
6.511344889817151 4.213937751672431 0
6.381277627986242 3.992739417576601 0
6.512747779040875 3.991570437788707 0
6.448461204645367 3.876377103544037 0
6.552167776161044 4.547695403927197 0
3.62409137676082 4.565151919631712 0
3.561767347698405 4.456641762014719 0
3.43667505484901 4.456346686446048 0
3.667886993749113 5.986260824649611 0
6.671639217803738 2.256786508865136 0
0.3273811158646378 2.258053213254875 0
4.741945425628321 0.3273708324970914 0
2.664041871332921 6.679605147073833 0
6.578847157195489 3.876566342755593 0
6.51147713115903 3.762593062262783 0
6.382159929380872 3.762314160293518 0
6.444058225463968 3.649085292839796 0
6.576256988553349 3.647490044239376 0
6.507228242191462 3.535924658124828 0
6.312960888307444 3.651170611982037 0
3.875868003786127 0.420686895653279 0
3.761854789891278 0.4881295012668239 0
3.761592753427541 0.6174831537292103 0
3.648321363757296 0.5556070023978612 0
3.646688506485549 0.4233651732591701 0
3.535346150027465 0.4922291411064998 0
3.650436320017532 0.6867435616713795 0
0.420686895653279 3.124131996213873 0
0.4881295012668239 3.238145210108722 0
0.6174831537292103 3.238407246572459 0
0.5556070023978612 3.351678636242704 0
0.4233651732591701 3.353311493514451 0
0.4922291411064967 3.464653849972534 0
0.6867435616713795 3.349563679982468 0
2.429454076830274 1.01260175405371 0
1.012618052076355 4.570535577987942 0
5.995394253487548 4.48933127542894 0
5.886309051604963 4.553043051792419 0
5.887475701307963 4.430299025803272 0
5.777067222424506 4.491197283378074 0
5.777409831262621 4.616531810838524 0
5.668255261192311 4.554129609957712 0
5.667501929397005 4.428545307826441 0
5.559149919393543 4.49182180222568 0
5.668806263096715 4.679662672721021 0
5.558430457119337 4.36638890001755 0
5.450219680875438 4.429715182646096 0
5.450876301865859 4.55502325967718 0
2.219190446989422 6.254929302321782 0
2.105882502962472 6.318753623149684 0
2.218382098014677 6.384836184245221 0
2.102580996766612 6.446349034750437 0
1.990487490354476 6.382594872977459 0
2.215838660840713 6.530926870749807 0
1.987531797172683 6.510904076564805 0
1.875345867559672 6.447142553736462 0
1.874117804030336 6.579847409440271 0
1.760382150308108 6.512557197635971 0
1.761792802271053 6.383127497629717 0
1.645745172423968 6.446946741180485 0
1.644705844639448 6.578035748101291 0
1.530874339942324 6.509363456772908 0
4.445643545370429 6.585001387149436 0
1.531899928957689 6.379201127969136 0
1.418031177080773 6.441217703587268 0
1.419951243815619 6.310359894744263 0
1.305647871844942 6.373168581868713 0
1.303174961137619 6.504045093518821 0
1.19053260209205 6.435969476706949 0
1.187414903327157 6.56819988013755 0
1.074614679691398 6.499222227033065 0
1.078408242208361 6.36757753298933 0
0.9623454817655599 6.430046971278053 0
0.9583412044337636 6.562192233034448 0
0.8453928986949903 6.492718292715742 0
0.8497957966468013 6.360274898080854 0
0.7325176932863058 6.42287214358289 0
0.7367310306447208 6.289522339310075 0
0.6194382945143158 6.352662170306886 0
0.6236352371496596 6.218779590190799 0
0.6190642391843069 6.492006028632026 0
0.5057256576989468 6.282272658166448 0
0.5101899639736045 6.148452375124204 0
0.6279401618063458 6.085251761717974 0
0.515139375027192 6.015069732018198 0
0.3912880152040028 6.211539499168108 0
0.6357187975591811 5.948981215730601 0
0.520671197179718 5.881894627539345 0
0.6416642655917961 5.817098590361795 0
0.525782552190996 5.749859916068603 0
0.6473788545905892 5.685957110008497 0
0.53073262028586 5.618346681028982 0
0.4165243018016684 5.812456687965771 0
0.3870285945227927 6.346501123822959 0
0.6468844100937758 5.556545075933239 0
0.5347493452400869 5.486555352093438 0
0.4174285120635974 5.548974250156014 0
0.4222290208828694 5.416350672600982 0
0.5396736143757561 5.354382746125337 0
0.4273827705873372 5.28361331855414 0
0.5455052534477463 5.224876223383545 0
0.4332168465179982 5.130114807559043 0
2.32656134945789 5.936715208152419 0
1.628284655909448 4.566832853261474 0
5.187489482439881 2.105948329560246 0
3.879150154939892 4.186544814961315 0
4.812980093805676 1.879801054411677 0
5.105884248751242 4.817661938636965 0
1.879801054411676 2.187019906194323 0
2.812971152293078 1.879862719567849 0
3.768169970644044 6.594313405501301 0
3.654188019871449 6.518689169163248 0
2.353185371647646 5.438441193565174 0
2.796582258028174 5.54876443972614 0
2.010474984024126 6.647718067772526 0
4.672204269461592 5.807715473721869 0
3.509886272382368 5.435794131871481 0
1.533314921423203 6.634600206778975 0
4.233769431268872 5.550366326280558 0
0.8538415326762268 6.227777571880978 0
1.564658614014022 2.67536910823282 0
4.324630891767169 1.564658614014023 0
2.324699292317685 1.564876082769159 0
4.231758391901213 5.67673379155225 0
1.564970945393739 4.675196620060546 0
1.690123159395661 4.675459067529577 0
3.768398033342407 6.31929321820239 0
3.633844960654049 5.660124541932603 0
2.342698765269923 0.7976136139837791 0
0.7976046287247804 4.657290824412409 0
0.6566956274654023 5.292885082303056 0
0.6642840322522239 5.175577774402608 0
5.867793681674891 4.211672740494706 0
3.004915587055657 0.5577985332107356 0
3.073371576443303 0.4438405711235052 0
3.137858566947509 0.5585512720689891 0
3.20589645672313 0.4443734994235324 0
3.271913293127469 0.5592532750968338 0
0.5577985512932901 3.995084375632866 0
0.4438405741372682 3.926628417338116 0
0.5585512755850432 3.862141425797478 0
0.444373500511837 3.794103541031272 0
0.5592532758642239 3.728086705289092 0
6.441779500531505 3.004781899934218 0
6.552249050967772 3.071728193457174 0
6.440350919674135 3.137589195920413 0
6.551908751096675 3.205725766471061 0
6.439617654116796 3.272049809057813 0
6.55115804577986 4.679664815261525 0
2.741995587119709 0.3283526117491617 0
0.3283526143825961 4.258004400312731 0
3.625390434281805 5.445343694530146 0
1.503440510842011 4.349804804822255 0
1.62906411548918 4.349926753930845 0
4.650516194106408 1.377887430586084 0
1.377887430586074 2.349483805893586 0
0.6168751301645718 4.785898284843709 0
0.5517382830713684 4.896023584768681 0
2.214163410119218 0.6231349697397555 0
2.101651902856963 0.5577335054995682 0
1.991307317926846 0.6191757951921879 0
1.989580567491442 0.4891829065421085 0
1.876876400456077 0.5541381649809685 0
1.877059592527809 0.4284494660242859 0
1.762006353454938 0.4902057120688514 0
1.763531388895834 0.6185425708893435 0
1.647494853537766 0.5547217185716127 0
1.646324900199871 0.4238573278072884 0
1.532782552716239 0.4917054524647728 0
2.12220058833016 0.4273971275405333 0
1.53396931430381 0.6219804149900825 0
1.419801552968862 0.560013889990743 0
1.42193741222681 0.6904944419348715 0
1.308443160280835 0.6259871634101604 0
1.305196897085138 0.4960187733463775 0
1.193405105395636 0.5625512596265736 0
1.189634743567058 0.4319293778831268 0
1.076762343806556 0.5007610223457633 0
1.069175278525302 0.6435532344527268 0
0.9582007763774127 0.5655210927842687 0
0.9594608190249647 0.4367598182543153 0
0.8463211739217193 0.5063796641059755 0
0.8462132346391309 0.6323560075804764 0
0.7335144864955252 0.57558732816987 0
0.7374659211695795 0.7086299708735844 0
0.6211533096766777 0.6463725078469635 0
0.6252926281104267 0.7801644076061089 0
0.6213774066338145 0.5069722696235828 0
0.507828817262773 0.7167687958306423 0
0.5123205723456663 0.8504056020784088 0
0.6296013234533078 0.9137157072598598 0
0.5168984479299854 0.9836509941280625 0
0.6339211068536215 1.046299683182803 0
0.5215143515067959 1.116943551110372 0
0.4036323761763434 1.053994592503717 0
0.4115744909356862 1.18165980367345 0
0.5269123496051371 1.249177240076734 0
0.396340999562752 1.315781042445137 0
0.52860349528788 1.381815630047825 0
0.4190265471950183 1.453988094714882 0
0.5359693298704276 1.515599322959357 0
0.4286837238167305 1.585354714317479 0
0.5417795656565825 1.648927773102656 0
0.4360884878393141 1.710770054443948 0
0.3886678964527093 0.7870597520277398 0
0.3886819029961344 0.6524798960727192 0
0.3070153259353701 1.532319878471326 0
0.6444857383990543 1.311804325055342 0
1.535150121952243 0.3664213246939889 0
0.2931004398159334 1.118124942317177 0
0.8579494404122325 0.7751506801002037 0
2.654456150782567 1.376519959092828 0
2.542698203463154 5.330072767665921 0
2.668803725060437 5.329486517675218 0
3.121646627804202 6.339151189209074 0
3.189207783620952 6.455142768179733 0
3.322900156550533 6.455871941038252 0
3.255879175408583 6.572468398620417 0
3.39060149796774 6.573019448992729 0
1.001465396118169 4.255033569109125 0
5.998298443051486 2.744754022888042 0
5.997017136094165 2.618918683059463 0
6.106278519962231 2.554922732263594 0
5.995892273839699 2.492540459311146 0
5.886950288723956 2.556606572844635 0
5.885689108914704 2.430448209610992 0
5.777145656800913 2.494621418382827 0
5.778232378962363 2.620508824518086 0
5.668815594502543 2.55842467341588 0
5.66762754532745 2.432820010563717 0
5.559521889359218 2.496537748831256 0
5.558394338560259 2.371108266122919 0
5.45038879637635 2.434814770714911 0
5.451465383270777 2.560139070822032 0
1.252683612537588 4.348630609606817 0
3.499584794363592 4.348084790167574 0
3.624650287914175 4.348371184217191 0
3.375859085090601 4.348601378893658 0
0.7491962048845746 6.019642927175145 0
6.645795516432763 3.991560183097832 0
3.990972437800589 0.354090040392733 0
0.354090040392733 3.009027562199411 0
0.737590498587104 0.9766681457705211 0
4.226290145373148 6.320526051713036 0
6.668930388596639 2.874263219680337 0
5.342033732810331 4.492966232933922 0
5.342714439988164 4.618180954933389 0
5.341439169446265 4.367684636249252 0
3.116554348329603 6.558424503515397 0
0.8448245644783632 0.3728023863831389 0
0.8449271142027568 6.639148273634181 0
5.342427285763922 2.498416827107172 0
5.341311025214743 2.37315649027189 0
5.344198757298741 2.622455816915765 0
6.104533076749648 2.429206257597527 0
2.326154023699821 5.810369807534515 0
6.635099844356994 3.53027888775346 0
3.529671528745416 0.3643867964645171 0
0.3643867964645144 3.470328471254584 0
5.997749312074979 4.742449924972281 0
0.7566354308047374 5.626602788211834 0
6.200005291058522 4.337149469032836 0
5.452602271333542 2.685178903566861 0
3.661664395825201 6.662426765572198 0
5.669818487408009 2.683984238025292 0
3.64636755904957 6.117710861727719 0
0.6529011492333296 1.577937300712375 0
1.316844394783477 0.3512480097933586 0
3.311950043271954 4.456099093929318 0
1.315129412806578 6.649025369116793 0
4.217676924786483 0.3529882041722416 0
4.333780291596847 0.2851428920640604 0
4.466087397485797 0.3403874435509224 0
0.3529882041722416 2.782323075213518 0
0.2851428920640604 2.666219708403153 0
0.3403874435509229 2.533912602514204 0
6.32660207256786 2.553411396463412 0
3.884470071460938 6.656153567394481 0
0.6596404743604056 1.706213378660814 0
5.933203002170878 2.110887155946573 0
1.068317643089256 2.108190366525751 0
4.891809633474249 1.068317643089257 0
6.881481572552286 0.2106300708650961 0
0.2112254842315329 0.1061955704388975 0
6.790574888851428 6.862349180528891 0
0.2107226707704042 6.893544316084223 0
1.887439886663847 4.801172074097423 0
5.187645005410556 4.103431050929006 0
2.18687933513197 5.106026492016474 0
5.45327011195425 4.677307606479152 0
4.008173669284149 5.546732138361181 0
2.860409487483611 5.659061670990159 0
2.926611656557053 5.547857165193678 0
2.455979238545005 6.114381295765122 0
6.666875756619183 2.74233403106377 0
4.672349445337774 5.552825719955689 0
4.672247634651333 5.42677363260167 0
4.56347364172538 5.363044123461115 0
4.790816642079808 6.648119893190634 0
4.906307224088797 6.580259108807974 0
4.678875883977237 6.716181546443338 0
4.906416851308601 6.449206096739903 0
5.02094905750982 6.512180091857373 0
5.020960588938559 6.381480942437774 0
5.136122279800869 6.446186305426748 0
5.133037006716569 6.571696540574271 0
5.251099313083122 6.509726977430789 0
5.249820865725008 6.38256420490177 0
5.36659076655595 6.445321829552022 0
5.371963703447603 6.569713225568503 0
5.481594056376473 6.506519631085546 0
5.480023474319629 6.377247266334884 0
5.59421310134949 6.437991078838516 0
5.598022968568255 6.569382437258441 0
5.710511173581823 6.500515421891636 0
5.590506035302596 6.307002567185458 0
5.714858151905033 6.632695220164968 0
5.827838018920176 6.563676712874628 0
5.823562328536445 6.43117018628148 0
5.940403436773138 6.493907714604659 0
5.936499428756532 6.361990084835677 0
6.053024218153428 6.423915760442069 0
6.057244859276603 6.556745357008857 0
6.169531821667843 6.485597641479286 0
6.1653372971398 6.353322496376828 0
6.282211609312208 6.414817167389533 0
6.277775950902361 6.281999382336396 0
6.395328079055314 6.344328131961259 0
6.390613160807971 6.210730725262822 0
6.387545886278403 6.481622732827704 0
6.508711549202742 6.273380884503291 0
6.503660148476326 6.139943870675046 0
6.385678939440776 6.077264991585695 0
6.498165692621916 6.006529325697924 0
6.385006244506891 5.951753582092499 0
6.493412128075562 5.875053394640027 0
6.36115319082404 5.823091858438751 0
6.48500612071633 5.743735144341615 0
6.370360338011704 5.680208819744049 0
6.481602151385647 5.610284937879638 0
6.610841166451962 5.935312793661169 0
6.362437438409692 5.548807006339883 0
6.476199241560659 5.478528604138415 0
6.356861886661457 5.417382277635607 0
6.471019138804715 5.346527415199092 0
6.588699984968194 5.408199009296316 0
6.583500647118957 5.27495615421372 0
6.161218986894459 6.21947996428216 0
6.622662254772655 6.202502155311951 0
6.630764036656003 6.330303183864018 0
6.274115992943409 6.023641814844948 0
6.611519704669396 5.663986693314945 0
6.252876707950866 5.618505129159313 0
6.168655227849715 6.616640906132851 0
6.356629329640095 5.288856837548885 0
1.250774729126258 2.783366878223073 0
4.216633121776926 1.250774729126256 0
2.216687948454854 1.250845725203507 0
1.250866452227178 4.783305428660922 0
3.569720548482361 5.327655404394725 0
2.220237807350298 5.745500930280938 0
6.667537489662024 2.384474690482971 0
2.533339617993263 6.675548158756559 0
2.450263819710593 6.544360397870672 0
2.408060272356912 6.669947336848336 0
1.685605964454317 2.673381809861363 0
4.326618190138625 1.685605964454315 0
2.326688794594124 1.685804044574937 0
0.4856511052469634 4.786710922158097 0
0.4245615326355625 4.894486778541877 0
0.3588342839416856 4.778570925072634 0
1.686765328216028 2.461137714308782 0
1.627618623868234 2.350865181503166 0
4.538862285691205 1.686765328216034 0
4.649134818496822 1.627618623868243 0
2.538906665245371 1.686995643086445 0
2.649211022524465 1.627878315440146 0
0.3170769459184508 5.222835278566592 0
0.3107089634511535 5.113394207106515 0
1.186291884489205 0.2991101458447583 0
5.664219143876036 2.311166429633853 0
1.18406012298454 6.701494479230623 0
3.317694223395558 6.682478548078643 0
6.555028147872145 4.41606768041702 0
6.663575816408102 4.476490792198089 0
6.670306817716223 4.347903614392134 0
3.452499635168312 6.45512152792108 0
3.666241874944823 5.86122426476866 0
4.239859189051409 5.423888378659703 0
4.34528980438329 5.361327850167874 0
4.241171624766094 5.295049937963971 0
5.350718159406306 4.732872468881319 0
3.567728200742294 5.916493458394283 0
4.335176953543486 6.515985507914634 0
4.330944726965687 6.654958936324565 0
6.054365140608721 6.684184271619886 0
5.682008554989974 4.300058506261536 0
5.83497610680539 6.688139160264869 0
6.555957681782212 3.334061562080533 0
6.663758901348432 3.271707792917258 0
4.66973413825786 5.305951848736993 0
3.333869841723987 0.4426455493996642 0
3.272492677908812 0.3312857026677016 0
0.4426455497089421 3.666130157637841 0
0.3312857027525888 3.72750732191604 0
2.479684420899642 0.33144220105111 0
2.345891073173429 0.3343209479741205 0
0.3355109431994503 4.520289035186439 0
4.649652189763916 1.005713964749524 0
4.543146623993795 0.9384842614013333 0
1.00571396474952 2.350347810236083 0
0.9384842614013276 2.456853376006203 0
3.437708059028464 4.243528683968075 0
3.810975756277605 4.894182178629112 0
5.815094555306864 6.305974343281578 0
5.914886210478078 6.21914860555677 0
0.2113384659455217 4.192464194231909 0
0.2208413972007728 4.328905403424518 0
0.2157611822480048 4.056815605753266 0
2.807535805768083 0.2113384659455222 0
2.671094594480882 0.2208413967618661 0
2.94318439296432 0.2157611819792828 0
1.566182375696741 4.245302864469378 0
0.308721848325475 5.481126264161036 0
5.235919424822887 2.558887090347648 0
2.621594927010237 0.993595322794639 0
0.9935175396595266 4.378583233497904 0
0.9554286482678309 6.69618142172816 0
0.9622393242780083 0.3114749203290748 0
5.596700882619684 6.693695149521773 0
6.699878573979046 3.640794295303389 0
6.437039713404832 2.489970659598733 0
6.55215420646325 2.552148704555381 0
3.438533128866392 6.671524138328127 0
3.640333116043147 0.2997837642248706 0
0.2997837642248697 3.359666883956853 0
2.29169291610897 5.54219259874964 0
6.696655891185374 5.339317072967237 0
6.702225940556946 5.464901660870404 0
6.68830005460404 5.213582096207004 0
6.576597005750951 5.142727202387249 0
6.685844651487995 5.086084074100722 0
5.234655998452431 4.681336597216127 0
5.55808585210657 2.252139038434022 0
4.563663977975926 5.24409132480514 0
2.560342977274887 0.8872633135907653 0
0.887257754536936 4.439685956272913 0
5.231894579196456 4.426259811606273 0
1.768616650510264 2.359673726833272 0
1.691129396511034 2.242413319891543 0
4.64032627316672 1.76861665051027 0
4.757586680108442 1.691129396511047 0
2.640357350237596 1.768776799144977 0
2.757683265363847 1.691414421355377 0
4.907680942665605 6.73344847224593 0
5.559495059859104 4.244474564808762 0
0.2920880448741743 5.629462121505155 0
1.313838237075759 0.751567981480894 0
1.311315125717329 6.24707960871646 0
0.7577452843596109 5.002322914761552 0
6.562088323704114 5.021530908310613 0
6.677605434412665 4.965368242647429 0
0.2991979347654805 4.894510537053145 0
2.663080983935404 1.12102426821568 0
2.80790667674239 1.109208753465047 0
2.753821970095155 1.212155099111166 0
2.231506452424511 5.437775425729354 0
2.297077644084151 5.332717651046871 0
2.274157974659823 0.4359923394585592 0
4.662886865110021 0.8772001825346245 0
4.544824986994652 0.8152926285547402 0
0.8772150977675701 2.337173231397437 0
0.8152944041777057 2.455182167351471 0
0.2811515529847997 0.9904788859180056 0
0.2710205398538807 0.7213596229787012 0
0.2692102860721777 6.278118612406116 0
0.2764884596541566 6.141218812842401 0
2.329956830045391 6.18486301918508 0
2.329045834241131 6.46315457186811 0
1.63554806468049 0.2897721166120695 0
2.614994910641963 6.793323516813706 0
6.32744458745223 4.419018794877757 0
1.651707359297076 6.699162356240831 0
0.7525810875542129 1.110886683550961 0
6.742826435432638 6.265503006913528 0
3.891860648313725 5.487090481668492 0
3.792959378335522 5.535060213447418 0
2.419220262636953 0.6760353938528381 0
0.6734511237938845 4.581975688472499 0
0.1706694289468205 1.080381165245472 0
3.797869467603423 5.420377766071874 0
6.821031904047933 5.400521126576222 0
6.77911066054561 4.402828041152392 0
6.776699214163455 4.288146753984813 0
6.243317558185906 5.356448936311093 0
6.234476925903085 5.234891144959452 0
2.455979814727668 5.878030992545311 0
1.427597617853474 6.184293347486893 0
4.35767773291913 5.219527062459628 0
4.242420986859939 5.18594992440549 0
1.429098220750195 0.815968077954655 0
6.711892426297553 3.875422238376575 0
6.780250546476003 3.991699960060773 0
6.717247129274474 4.098570030996147 0
3.874681233712379 0.2875740932645519 0
3.990991679008247 0.2191412701191817 0
0.2875740932645519 3.125318766287621 0
0.2191412701191817 3.009008320991753 0
2.338538256896697 5.670615264704427 0
1.877057236036923 6.711376921224919 0
5.781878667056967 4.743967401943305 0
5.67649040912129 4.80508944838409 0
0.2682446518491677 0.5849936864481164 0
0.3853522591783394 0.5159536830427909 0
0.2662522453017968 0.4507236707457061 0
0.3827588262283945 0.3786785900443497 0
4.454298694778386 6.707225293322568 0
0.3328057070704995 2.389390642073148 0
4.610606366734495 0.3327965192981024 0
5.783016456983673 2.747425208045118 0
0.2674599015194383 6.41137482527804 0
0.3833694769754192 6.482904664164431 0
0.2616238917382123 6.551164400128176 0
0.3795695882015622 6.621001322276013 0
5.339544886182107 2.746151588900647 0
5.99437582454876 4.3691155088067 0
3.252853934505219 4.342463601541256 0
6.78916193846686 2.324604476961562 0
6.786651236346154 2.204068599025344 0
0.1411634742808512 6.218197517220784 0
3.769372005637507 0.7433010747740858 0
3.665908683389468 0.8127340695520324 0
3.890548590827045 0.8045813678633413 0
3.534583092192486 0.7590892842041592 0
0.7433010747740858 3.230627994362493 0
0.8127340695520324 3.334091316610532 0
0.8045813678633413 3.109451409172955 0
0.7590892842041601 3.465416907807513 0
0.2196297287318041 2.338051432297904 0
0.2140892155415823 2.20589635421901 0
4.661947842317236 0.2196264835418136 0
4.794103397387935 0.2140876049990181 0
6.256349338724839 3.769977052362314 0
6.187054021058936 3.666329924796575 0
6.1952751266503 3.890838512676425 0
6.242201028145736 3.536646417246064 0
2.738639500015146 6.793464430637009 0
1.12461376054617 4.330599984805513 0
0.8683792007087296 1.030696810130538 0
0.9047476197916362 0.9109147922898773 0
1.022377785326421 0.8744038007736465 0
1.116440191324149 0.7735719219191695 0
0.7663584711797062 1.243821268603597 0
0.7697005752376134 1.637483386613641 0
0.7759699173955892 1.764027992197934 0
0.763862354812435 1.507546771599398 0
0.8732263811313339 1.435260541261874 0
6.44337232002867 3.414974280646685 0
6.330847342119554 3.337454995821739 0
0.7640812985395091 5.496141752757035 0
0.4941497208538044 5.004810561062072 0
3.414700130972962 0.5559679506527822 0
3.337296046365358 0.6687357083595624 0
0.5559679508065907 3.585299868709662 0
0.6687357085130978 3.662703953317832 0
1.755698694114604 4.566162634896164 0
1.815387136075179 4.67979846092027 0
1.81716278371069 4.453687109574189 0
2.605779423183629 5.220324370415584 0
5.471871191334026 6.251065219177923 0
5.577491757456166 6.182726976949212 0
5.350711246320957 6.206535852392506 0
6.120812527194865 5.30207746555179 0
1.689992171931215 4.250082022469087 0
4.758015423398808 1.566086831721342 0
1.56608683172133 2.241984576601181 0
2.753809073519899 1.561128005223052 0
5.446283278889243 2.810146860925356 0
5.222858962218027 2.796604737510922 0
3.513264765790639 6.111558249308761 0
5.677281572324549 2.810622724109296 0
1.437150308754536 4.24420382856175 0
0.2622236325471183 0.3129561390162157 0
0.3776695045112604 0.2409482092321915 0
0.5010307911457819 0.2911334990946672 0
0.6194831416919397 0.2073980195310465 0
0.6195722876286403 0.3588756137071889 0
6.741476343504683 6.132718819743173 0
6.240016216138935 5.48921515680332 0
6.126729794137643 5.559321876600599 0
2.863718989928913 5.437652150244233 0
0.9894498106103686 0.7538851169043226 0
0.1892708362968452 5.526655999969932 0
0.2340646293694659 5.762618631285122 0
3.187346823621685 4.450260062627982 0
3.204920042180666 4.224925581149543 0
3.248961502588719 4.564079314913496 0
3.18016445224798 4.67668575615539 0
3.303971210727052 4.677007731796825 0
3.245696047796817 4.790009123183303 0
3.196244806085458 4.90332580673929 0
4.781432110978695 5.493338769132364 0
0.1333091067270624 0.7784646232479675 0
5.694726469277724 6.24566904282438 0
2.212372535685207 0.324345017714875 0
2.079931091483494 0.2837619129072966 0
2.275265992240283 0.2181030274090245 0
6.803242127201167 5.542072910012706 0
6.743251908545595 5.654278743084465 0
6.792150611686685 5.773328551102718 0
0.2589670050490627 6.686096850260935 0
0.3754669743209305 6.758442050249497 0
0.4987079159149572 6.707730666109354 0
0.6194691176144529 6.790926087850087 0
0.6175776989544204 6.639694334992766 0
0.7362156935855975 6.721203102038756 0
6.002000387489082 4.865680350660385 0
6.274515761276693 6.149703681149886 0
6.162823006267684 6.094602663497551 0
6.163906247939877 5.958107081568678 0
6.235922879554089 5.850871447516027 0
6.048312099461832 6.165912143844758 0
0.7414736818263647 6.15556778057633 0
0.8540831125927388 6.10187710532541 0
0.9626430090933389 6.17431253283222 0
0.8865966386549875 5.965237465330015 0
0.7652890296395838 5.880515554434147 0
0.7328258507494905 0.8438657927491398 0
4.768278991682184 1.064532737418658 0
4.760651164189777 1.190264954685689 0
1.064532737418656 2.231721008317815 0
1.190264954685686 2.239348835810224 0
6.443811061528237 4.337375986187631 0
0.1962008129446682 1.204167778425396 0
0.2572185290253612 1.312520406485499 0
0.6486800455704276 1.443742430754014 0
3.445048668961999 5.326537355560479 0
0.6409621841830884 1.179822125263302 0
4.781680167392508 5.872663781993844 0
0.1317778006626784 0.501013366426589 0
0.8863636467170632 1.690607979157631 0
0.8736140107828785 5.564449179769996 0
0.7756186987846467 5.366527563974797 0
1.538334369452338 6.251823834506079 0
1.655740854505876 6.200439233422829 0
1.540131496550576 0.7495304431423668 0
1.657983348369444 0.8023929219542447 0
4.117499436976168 5.465049344162587 0
0.7375082785855795 0.2970440667099412 0
0.671165531768759 3.798354357227417 0
0.780290035797115 3.736204340545481 0
3.201645641246703 0.671165531029263 0
3.263795659147405 0.7802900356482758 0
6.328240428845657 3.201602450446677 0
6.219498083960938 3.263942061921749 0
5.237019406332027 4.801372544044208 0
0.1300645065946604 6.503605220505332 0
2.989668216779998 5.658888638611259 0
3.055091400373047 5.547200144870754 0
4.118918758432907 5.738624401425687 0
5.802016742570627 6.885352027070444 0
6.230211877095504 0.120431483965624 0
6.299774777720605 0.2401185410866726 0
6.437626539548559 0.2403294222660772 0
6.367998087986141 0.3586123756760982 0
6.232259908902127 0.3588994445579052 0
6.299279921099388 0.4755352863085829 0
6.16564074457662 0.475624257299605 0
6.231968688562895 0.5915994026058242 0
6.365124429448661 0.5917292366581473 0
6.297696423712179 0.7063395793670391 0
6.428666038661185 0.7083581463902053 0
6.363211817003871 0.8218804969917883 0
6.099014072411225 0.5906545962874201 0
6.032757844535502 0.4760682238855334 0
6.493949077168113 0.8238602546517728 0
6.428540874979755 0.9379021971491293 0
6.49857872533955 0.5999248754876056 0
5.967008110634659 0.5907011720505047 0
5.900470276948276 0.4764039273516927 0
5.835297524515726 0.5910345409134616 0
5.768382791888699 0.4772076879829199 0
5.703025202033315 0.5913734832430477 0
5.636275833285527 0.4777242526624241 0
5.571029569247244 0.5919622473399402 0
5.504232656076852 0.4774921454704923 0
5.439886561540637 0.5933438802794795 0
5.372089189787658 0.4786523573537074 0
6.556995102684491 0.9357998326225827 0
6.494439636658587 1.05289153001441 0
5.437938944973011 0.3623078625596157 0
6.296831684170884 0.9367001858664987 0
6.032782471762038 0.7041557296122356 0
5.83128452076769 0.3609802568067613 0
5.637566721892282 0.7053762236275034 0
6.504793138765498 0.3594377568241418 0
5.304461377974225 0.3634723379360878 0
5.23859481951258 0.4791741700605283 0
5.158156286258368 0.343042709084592 0
6.643880411140715 1.045941361235115 0
6.562768240234716 1.167562604378257 0
6.426866439387712 1.167919892771592 0
6.492766372391929 1.282971481220571 0
6.36064138420747 1.28213971121016 0
6.425122637227397 1.397449175974534 0
6.55753718134782 1.398557816074864 0
6.489594471902159 1.513152184637808 0
6.619205399016175 1.51237181061074 0
6.550134285725636 1.626196967875166 0
6.421106228063885 1.626746771611132 0
6.486355595302131 1.74156619162077 0
6.638417178918706 1.739854642378545 0
6.294058129083536 1.396800407232113 0
6.616099633120546 0.8276007947831157 0
6.70661495959461 1.177615696965336 0
6.36092829863263 1.736308943760979 0
6.301114284006275 1.163383323971124 0
6.29643566386622 1.625173027470513 0
6.22943548069318 1.740705688262938 0
6.553588249351565 1.831106471951067 0
6.671114707654147 1.870817430297716 0
6.685191036253748 1.399582951313616 0
6.755431472548869 1.52635360752864 0
5.358948060994337 0.2261437921998191 0
5.503794372406213 0.2461156233116797 0
5.104704343700364 0.4800074422864031 0
6.362926238692316 1.051355691210044 0
6.232111319506878 1.049240600855653 0
6.171245055093218 0.9337921900503119 0
6.356798948269672 1.513154577509713 0
6.217977903178497 1.267770906652963 0
6.155636278169237 1.385976382746734 0
5.90194699058117 0.6995990467428022 0
5.978340525258064 0.8071369478384507 0
6.106886643515702 0.8144927600876359 0
5.769792093447504 0.6989663683239704 0
5.717516540032801 0.8062116718169765 0
5.572463165119005 0.8193180937736488 0
5.506558270758787 0.701028259525418 0
5.376101375509755 0.70212505403464 0
5.307904817506551 0.5943939016352737 0
5.252400099228036 0.7052261148167935 0
5.334779698197158 0.8063872641083201 0
5.202963492377032 0.8143554933383861 0
5.171332038873381 0.5960808909101125 0
6.568037460046126 0.236423827415114 0
6.645210531352244 0.3560270491509381 0
6.232771129705402 0.8199419265856491 0
6.160674894380536 0.2403438977679175 0
6.025182341654531 0.2407084292801649 0
5.951785563028995 0.1202352896319541 0
5.812129274189589 0.1214935969183171 0
5.754826910251142 0.2449975478465993 0
6.893958733251916 5.112431904174493 0
6.876336801043019 6.225080792337438 0
6.772158295120693 5.995727531733903 0
0.9069582762379653 6.887723954877516 0
6.888195652199752 1.883802204459939 0
1.185614376062167 0.1437037582323795 0
6.856647359782017 1.187041202921054 0
6.87915019347018 2.59068199500548 0
6.762473306224651 2.527967401544035 0
6.888053179705228 3.709545489422843 0
6.095099026400135 6.883978417433201 0
0.9084491812503934 0.1189029705315838 0
1.184705066059269 6.856356592266432 0
6.880764954312159 0.9090196957263115 0
6.764045881058546 0.9774588149257815 0
5.102881323873712 0.1177116002613885 0
5.044517681408062 0.2383082484084196 0
0.1208529300485877 1.890676584912278 0
0.2384706694652188 1.956614866282291 0
0.2343762255322868 1.820682382470494 0
0.3417489020521325 1.88457075114772 0
0.2362161803799858 1.665745368104707 0
0.1136607532489249 1.608588303784662 0
0.1066351623451318 1.468691624915341 0
3.709400914142667 0.1118315419710463 0
0.1118315419710463 3.290599085857333 0
1.471223607014866 0.1219296678272483 0
1.395587321238207 0.2309836124888576 0
0.1154425962731938 4.689670813876811 0
5.52943951354081 6.88851958660698 0
5.469887501227513 6.761635595971322 0
5.323914784652859 6.766350707979706 0
5.252215044976746 6.879241301733205 0
5.184400988893275 6.76706105826996 0
5.051987468665736 6.760994141625912 0
4.974727133006984 6.8740448050981 0
1.468689753953662 6.882999272083151 0
1.394025552828754 6.770010383929332 0
0.1048196718100876 4.969860737191345 0
2.049452007155196 0.1402478834308587 0
0.107655108280976 5.252537201935166 0
1.750657278492309 0.1208640766153528 0
1.82735701963607 0.2294202547424327 0
0.6529504990831962 5.425506262197817 0
1.738714534254497 6.885674904652313 0
2.029352653338385 6.879130189239523 0
2.099358064104568 6.759175311129194 0
2.232287682736994 6.767653429473247 0
2.307575470537316 6.888047226606923 0
1.876962298657272 6.32051181866479 0
1.990437816350843 6.235505539028498 0
1.878169016936923 0.6807369198887399 0
6.16685323827824 0.704530665757634 0
0.5550004656948069 1.767232064965139 0
0.9973831856431064 4.132977552518887 0
3.010477927081234 6.879032374799184 0
2.942804241552194 6.760873642105318 0
3.087117372417153 6.775418281565125 0
3.850869360486155 6.883187839756344 0
3.782013878889667 6.747346803165323 0
5.704648467274362 6.369512030952809 0
1.197069712638953 6.311082133832775 0
1.094993942883526 6.224402306544588 0
0.9676408349474541 6.298416354147729 0
0.6196451201342281 3.462420110830751 0
3.537579889116352 0.6196451201085917 0
6.380351579843159 3.53833118938242 0
0.5538346485781354 4.662984216070687 0
6.046546373480687 6.29062817588971 0
6.370301625509061 6.879435997533523 0
6.439916974193373 6.758936971162953 0
6.578652134255881 6.758719215642406 0
6.515726265022588 6.642766808451432 0
6.644759848871767 6.637291777140424 0
6.585678858549912 6.531149438905143 0
6.715481366823967 6.519078155536928 0
6.377073307908093 6.632877398147777 0
6.309798865313992 6.762336491068966 0
6.705781373096959 6.747066551773674 0
6.879508824920594 0.6300668431574667 0
6.766042215103296 0.5613078847667068 0
6.765208546042267 0.6932524479446114 0
6.642093919536521 0.6095980891439474 0
4.789444030333567 6.384913387019179 0
1.990774462944698 0.7653277026133058 0
6.002437457758498 2.866900866143561 0
3.29778152821078 6.889469763978486 0
3.590751403438621 6.882321216656186 0
4.67183734233617 5.679883051315795 0
4.781603386341455 5.746071382471862 0
4.453746435668534 5.298736829360458 0
6.856937322384742 6.512308309548193 0
6.213982948642713 4.482944521089453 0
4.44987902617699 0.2137434717020552 0
4.336025444186925 0.1544957909928995 0
0.2137434717020552 2.55012097382301 0
0.1544957909928995 2.663974555813075 0
2.539392921826586 5.9922654415947 0
2.486331373310751 0.7835431953278622 0
3.381420907206768 5.436299183588232 0
3.380329833443644 5.216481424296113 0
0.7831069846767296 4.513870307597967 0
6.88420753189705 3.427043521116574 0
6.883780947734072 3.282735410758975 0
6.882478933129295 3.010118080532687 0
6.771475779421449 3.073449790914232 0
6.886031549614688 2.872356422025042 0
3.426961878204092 0.1156761516981266 0
3.283693597767839 0.1146559977043777 0
0.1156761516981266 3.573038121795909 0
0.11465599770438 3.716306402232166 0
6.885162537151247 4.830468222621255 0
6.879307032855182 4.691553341826196 0
6.775760814033687 4.771466723680454 0
6.766718149769132 4.650054417301602 0
6.879704522829335 1.606125215012515 0
6.765827724971035 1.671332128023931 0
5.993642085257779 2.367685713635149 0
5.882829855450864 2.30788185554688 0
4.685805906201526 6.857555768446442 0
4.54116827422792 6.887576566720172 0
4.269233135367893 6.88400893235473 0
4.129751599067284 6.880687363589926 0
4.058011523662084 6.77322770725765 0
4.211023564306219 6.741869735852943 0
6.212498581925002 1.511243126218057 0
6.134278799119048 5.687642577659987 0
4.453827093942993 5.42492988171022 0
4.116730286691481 5.867117996518469 0
0.7740442085178776 5.239970463058386 0
3.78257693003939 5.802120420059079 0
5.132946693890871 6.318655142603275 0
5.015088012736943 6.234943220163432 0
1.314260582650081 4.67480373400922 0
2.325086520442537 1.314221693727931 0
4.340446709295987 5.869335040437422 0
1.752330418822279 4.787741533024994 0
1.31403000239513 2.674874573488943 0
4.325125426511055 1.314030002395128 0
2.417564177515303 5.330709929416086 0
2.35992858053224 5.220538530599707 0
5.563640052434675 4.739098912794658 0
5.563868159119634 4.877034694178887 0
6.879925027101722 0.3512293337828822 0
6.770869399188405 0.2802064391846759 0
3.319747302529246 5.99599495249064 0
2.86765548056397 0.9981261367621737 0
5.888244985553226 4.67855910781851 0
3.369112446287034 4.786630468346608 0
3.650878119653142 6.385113776541472 0
5.78706906010099 4.37553900911903 0
2.733472731805707 5.43871167873451 0
2.798699532846987 5.329052100739414 0
2.867898900862027 5.218501076084638 0
5.775328464263655 2.37003397232142 0
6.217193898739478 2.617678327517838 0
3.886051578883547 6.25517919442299 0
0.1203145537156396 5.811609080074534 0
1.439722636798163 4.674955095075763 0
1.501581291680165 4.783396780007228 0
2.324880161397124 1.439671662899815 0
2.216497915957605 1.501446047004948 0
1.693216670362216 4.457486744781387 0
5.451733920750576 2.314484210282609 0
5.352337175481793 2.232884820010012 0
5.255178082760234 2.311638145550155 0
3.768792708854507 4.772233057922335 0
4.32493562107468 1.439477699060763 0
4.216476190669482 1.501302150115803 0
1.439477699060765 2.675064378925313 0
1.501302150115807 2.783523809330511 0
5.45236497371956 4.309294945637751 0
5.35313737736862 4.229433303086699 0
2.617162907054512 0.7812734768428458 0
0.7811995844866653 4.382875624639015 0
5.765430472828719 2.229973548153607 0
5.559732987168697 4.617156039324078 0
5.233421255541094 2.43663448390656 0
5.232397726143271 4.550998919187656 0
0.2579285425240672 0.8568293832167102 0
4.651083981047473 1.252492565779784 0
1.252492565779777 2.348916018952529 0
5.889218290842123 2.681730036604206 0
4.75931353466312 1.315681346200101 0
4.755057935537964 1.440720149902653 0
1.315681346200085 2.240686465336879 0
1.440720149902637 2.244942064462025 0
5.560604914036539 2.621898958069183 0
3.686701956074994 4.673568023159696 0
3.745258368200934 4.564721929047096 0
3.25416512581631 5.215867111679842 0
3.316309380233282 5.106849388602724 0
2.433552948095834 1.746337159436725 0
1.377422535619456 4.357091441580523 0
3.76586261343942 5.664799482224991 0
1.746184836255129 2.566489100559394 0
4.433510899440595 1.74618483625513 0
3.682826183229916 4.458735051848128 0
3.766291949016289 4.357868823572554 0
3.687421380326313 4.240182262110078 0
3.56234728379881 4.239914028118733 0
6.10860553651564 4.806591246113905 0
2.642517035279196 1.502078285516709 0
1.502953715966485 2.350691832588176 0
4.649308167411815 1.502953715966494 0
5.561471514969284 2.749514038218749 0
3.869264291066909 5.002725047119392 0
5.305207097880909 2.108980042941486 0
3.889474673930065 4.309021039529269 0
5.305755786599468 4.107159120460404 0
5.110457607942104 4.694355629245462 0
4.690415422883813 1.890243273056972 0
5.812353887052987 4.10675137655508 0
5.112234416004308 2.564635048416478 0
4.899430021025451 1.437868714847553 0
1.878641493979529 4.189314939504345 0
2.690419455659683 1.890295772598356 0
4.897067764049853 1.687439351231218 0
4.108265160925587 1.187575817681297 0
1.187559823281484 4.891729437969304 0
2.105807148999895 1.812041040305645 0
5.813355482130583 2.108195667331368 0
1.437868714847552 2.100569978974549 0
3.871780666579168 4.563688960401647 0
1.687439351231217 2.102932235950147 0
2.895040958845375 1.687388738226227 0
3.437500000000001 4.108253175473055 0
2.108270775505925 1.187558717713197 0
1.187575817681297 2.891734839074413 0
1.8120272319553 2.894197442102657 0
4.105802557897341 1.812027231955299 0
1.188246796518371 2.103047289794579 0
4.89695271020542 1.188246796518372 0
5.109666032982799 4.442158107571804 0
3.687187849714669 4.104403006896142 0
2.893579693179943 1.434153493124439 0
2.782303377450691 1.377486048284201 0
1.89024327305697 2.309584577116185 0
5.559668522569172 4.124081215657527 0
5.559804757050369 2.126839887993262 0
1.308003578616951 4.106472935798437 0
1.235107989623032 4.225151425436945 0
4.893992739962387 5.187489174053953 0
3.373009971585887 4.565068571404078 0
1.5625 4.108253175473055 0
1.87261552026105 2.564778844169444 0
4.435221155830549 1.872615520261051 0
2.435247918974831 1.87268996650783 0
6.566965118231478 0.4820856292241595 0
6.215254954911757 2.251580100675628 0
4.563674047996984 5.12362336692919 0
6.10238449533975 4.424718445193085 0
3.49965845904 4.998133451037575 0
4.744226307716744 0.7757027873936524 0
0.7756101407839 2.256032302254606 0
2.478405143349793 5.657451988181535 0
2.153294859970794 6.654273891120064 0
6.098480621939843 0.3605612386276591 0
2.108764278383953 5.811849166677471 0
4.891746824526946 5.8125 0
3.387406318149386 6.339133713149943 0
6.46818402675827 5.217593529370141 0
4.671666886357619 5.935381966900342 0
5.232942577568748 4.305673122908815 0
1.000737747724357 2.565459314247442 0
4.434540685752557 1.000737747724361 0
0.3962813347079068 6.077391312261803 0
0.2642416023000473 5.991596593466481 0
0.9373274176074471 4.673886872344387 0
2.32610734138959 0.9373373836001631 0
6.647448773206853 6.87455006678208 0
4.327789471422321 0.9345365257732103 0
0.9345365257732077 2.672210528577678 0
4.6118005491436 0.5571897261854533 0
4.545536129764545 0.6872269450227595 0
4.482255327475395 0.5631625535203186 0
4.413213448653201 0.6733594351265046 0
0.5572347254131955 2.388191707746005 0
0.6872297627781538 2.45447493797421 0
0.5631705230175079 2.517745226629333 0
0.6733600903289192 2.586787257241084 0
2.330413550604596 0.5624730854940299 0
6.454871986058995 5.096543338978146 0
1.755230989652703 4.349303977873991 0
0.7649618143261128 1.375779222879038 0
2.862301176366644 6.106654728754338 0
2.79699760944871 5.770056435157592 0
1.313024964364425 2.891666746459947 0
4.108333253540051 1.313024964364423 0
3.057946072082288 6.222302664445661 0
4.226402250557319 6.191186569459449 0
6.507712138548497 0.119954028409059 0
3.56866541082235 5.782903739843558 0
5.134657676753507 2.315343768503429 0
2.10835580924318 1.31307617895005 0
3.253628905645927 5.882576314604909 0
1.31309305823153 4.891636504758866 0
3.888529462559224 6.124167994833797 0
4.341657126321245 5.741801716560494 0
2.928743634483063 6.44340944595511 0
1.956253499018535 0.240302385169906 0
6.107905494496084 3.190231069163317 0
6.104850734475725 1.687022595800404 0
0.8920054835392519 3.809790344204009 0
3.190209655744805 0.8920054835144446 0
1.313057081832663 6.118037626306073 0
1.31499647129407 0.8819509469158686 0
6.108253175473052 1.812499999999999 0
0.8821089685310253 5.06643318054494 0
1.930958451811577 0.8905286366107621 0
1.930868439996266 6.109836115571904 0
4.449878416677716 6.190969770042196 0
4.216604074116265 1.376119891928551 0
1.376119891928553 2.783395925883732 0
1.563103317504613 2.891787229780698 0
4.108212770219297 1.56310331750461 0
4.902690323685803 6.316463026286494 0
5.989318155259127 2.22986526506039 0
5.069986339374889 6.109802478998958 0
2.216605855321649 1.376239843883145 0
1.376285220591822 4.783327522409627 0
1.625517816496813 2.783337664381545 0
4.216662335618446 1.62551781649681 0
1.563238447942091 4.891666353764936 0
2.108234316536139 1.563181858471715 0
2.216705313039014 1.625662037732159 0
1.626624043872322 4.784201196485704 0
2.328394145227084 6.061139533928688 0
2.992747008750396 6.107731600456006 0
3.533152643841386 6.58361236081874 0
2.107664066714716 5.687499999999999 0
0.2280710608799477 4.599195424988552 0
0.3304456252385934 3.991940303730112 0
3.008059693224351 0.3304456243153018 0
4.229595034164892 5.804365016498539 0
2.936718929608285 0.6705623214800744 0
0.670562321480074 4.063281070391715 0
1.769480730310693 2.772911675273604 0
4.22708832472639 1.769480730310691 0
6.329359945585985 2.936743093885569 0
2.227128320145344 1.769565333504853 0
2.926410104367696 5.770344304439734 0
3.998420453742489 6.582299837219494 0
5.943413587995694 6.62317704391522 0
3.531509750389265 6.330471706545771 0
6.131886398370184 4.003890132872552 0
0.6207559538368357 4.995785383706872 0
6.433577265261089 0.4770158533281057 0
6.624827316824705 6.06878908280386 0
4.890760914590566 5.685372895045254 0
0.3934332314022622 0.9204032016454411 0
6.213162517509551 2.494141022727055 0
2.798263696089194 6.679579063395785 0
3.31687527414078 5.769698703762804 0
0.732615889651397 6.567940362599393 0
4.449675912991815 6.320578277627342 0
4.78100646538892 5.618903593885733 0
5.253181921466119 6.648993188312253 0
2.533903103661909 6.44621929762269 0
0.5042592522109564 0.5805582913815952 0
4.564491714706275 6.646146651147381 0
0.5000725117822808 6.559810181767138 0
1.762324101205968 6.640649987404674 0
0.5024497957796772 6.419359471143315 0
0.4012081573357147 5.942176167106672 0
0.3164449479445572 5.357400515534226 0
0.413561142697374 5.680588226257464 0
6.440423501912386 4.742611560870005 0
6.591075790354283 5.532046217880076 0
4.104332432067673 0.4200926629492567 0
0.4200926629492567 2.895667567932327 0
6.602301851768557 5.806404800183814 0
5.961685870886755 0.358599147119969 0
1.07200685382049 6.630582928081903 0
1.073311905811108 0.3687382961069505 0
5.567908469949325 0.3645382335843439 0
3.140262651657538 0.3333983677469079 0
0.333398368598619 3.859737346394984 0
3.760582748915192 0.3586492030256472 0
0.3586492030256472 3.239417251084808 0
0.5023918038376549 0.4386953244823628 0
6.579463424336288 4.102905625530895 0
6.64098096685164 3.761250435090471 0
0.7338530329572741 0.436276888116617 0
2.796819492789369 6.218648720678074 0
2.348128996817776 6.324900569253177 0
0.8902191301458973 5.68761772035624 0
2.995359613671746 5.436334395044968 0
6.62669169504181 1.285351832958372 0
0.8680195852734469 2.996242053101462 0
4.003757946898538 0.8680195852734469 0
4.890726419681146 5.434601007261588 0
1.415438850664651 6.572184962095964 0
1.417465763769373 0.4287180197938874 0
0.5615629803944944 2.003321185131846 0
5.001513698915376 0.5590846272389185 0
4.875445229254785 0.3373324499340011 0
0.3341363104489936 2.132880375363046 0
4.784948195028796 6.254762603433818 0
0.4439035865855936 4.322585262070181 0
2.677493825329606 0.4439434667141509 0
3.655222784346696 6.257843781744162 0
6.668349194646789 2.13106286829384 0
6.435495616438021 2.000592818929254 0
6.554067233652468 2.679200252871225 0
6.219522512400419 1.875978130088363 0
4.780294796174169 5.366704593038681 0
0.8885386333240319 1.311552292020872 0
0.8899552013578571 5.310593847671954 0
6.748080739060917 0.8326392794921813 0
0.4455524838798115 2.45474725198004 0
4.545252748019964 0.4455524838798124 0
6.663946589165242 2.010195810178309 0
4.770986971796933 5.22711197551435 0
3.376317055826688 5.879005643509839 0
2.808016758796791 5.109725904183407 0
4.119485661645598 5.608277644653267 0
3.377318252313864 5.000850284793684 0
4.3384557184384 6.25552995282426 0
4.434979547402741 0.8756736181457341 0
0.8756736181457265 2.565020452597255 0
3.068045885304847 0.670302543353722 0
0.6703031283969523 3.931953096198967 0
2.733943741737624 5.222328472373253 0
6.329277748694171 3.067981605248597 0
6.110180268277889 1.051825840560827 0
2.559140066330186 5.107869495255305 0
0.8905839373669924 1.817208179449726 0
2.483480198174689 5.221650312967577 0
3.131640326440617 5.006352195680449 0
3.770219993811426 6.188689252526801 0
2.308377236106776 5.108313347521348 0
5.752912291868428 4.201501774337814 0
1.765181526013344 0.3427440977060892 0
6.885235771299023 1.466956932406752 0
2.119218942076301 5.437317834748517 0
2.222869105782995 5.230479469757213 0
5.69024698513506 6.117241377671983 0
4.131632201854771 5.228127088278468 0
5.889482413463117 0.2411690446006274 0
2.927321345211465 6.21948499133313 0
3.187500000000001 4.104453936908571 0
4.223331517241402 0.218469296246413 0
0.218469296246413 2.776668482758598 0
6.519130451025148 6.420456710853897 0
6.769887278373528 0.4218515265238336 0
4.108593524186793 0.2816777321513473 0
0.2816777321513473 2.891406475813207 0
6.660079951457773 3.403610102756593 0
3.504604924979362 5.215892637114757 0
2.610405246315349 0.3325895767042146 0
0.33392527572019 4.389663989346024 0
0.338506137935294 3.59651735519873 0
3.403482644665718 0.3385061378696017 0
3.024756565445925 6.654804137999584 0
3.440453945536088 5.107532958348557 0
5.440661242143944 0.1350549009648168 0
5.696991771559077 0.3639111601398279 0
6.75857061384802 1.296475742676289 0
3.1703218274697 6.672902935067996 0
1.760570150885523 0.735333214595201 0
5.103232389562772 2.8125 0
3.458991687102849 5.985346882427649 0
5.955676809127292 6.092923362775947 0
1.759110546791469 6.266086601378989 0
3.70039447377971 5.343607628961195 0
5.309553410344032 4.905278870690097 0
5.240918908637774 0.2568595794444488 0
6.65908393774676 4.219766226540449 0
6.551605710967836 4.797250369017046 0
0.7743075038998608 5.749299833080684 0
6.103576812362244 3.575496057007106 0
6.228392704326265 3.409853369521621 0
2.993797632272846 6.335026832632039 0
5.896259632047586 4.803876135095441 0
0.8965565821368795 3.424918037403008 0
0.7716866399400706 3.590828942216775 0
3.575081962596991 0.8965565821368791 0
3.409171057756154 0.7716866399269509 0
0.3085486019458052 5.855415491075971 0
6.763775713996846 3.507591010999673 0
6.664897634311387 2.613523844283484 0
6.431489846139014 1.86265754417267 0
6.275840705313882 6.548588933353754 0
3.507337263704694 0.2357898035082924 0
0.235789803517676 3.492662736275943 0
6.168373435845606 6.758288401478588 0
5.486604709979915 6.633141958375898 0
6.779339087219055 0.1284596434218872 0
0.139684177847788 0.2145322411335266 0
6.89744560675779 6.785822502568933 0
0.1386349302095709 6.78505220782966 0
4.337065780163698 6.385517195895849 0
1.808287118916056 4.896768754056785 0
5.12351686629367 4.198948698406946 0
3.808127746283541 4.092684144011735 0
1.808616749364902 2.0928128884118 0
4.907187111588199 1.808616749364902 0
2.90683738870399 1.808665120957379 0
1.808421073592487 4.093182781367986 0
2.102948944650312 5.189006479631658 0
5.106956183682851 2.187589946057888 0
4.186389372309867 1.896063776378109 0
1.896063776378109 2.813610627690132 0
2.186398143466339 1.896081304422276 0
4.813194231223608 5.103204812109848 0
5.025142306147621 0.3564118436519776 0
3.057331800443379 6.444835605792415 0
3.8957434927524 4.813343423072373 0
0.1127738512374519 4.401825101212075 0
2.599104080289601 0.11202300202291 0
2.88139946337029 1.199805206507754 0
1.106953879924005 4.193648029878855 0
5.894334405460105 2.804050041687531 0
1.650613425423825 0.6804168806904758 0
0.1424761887741699 6.078173725129908 0
3.32094606210806 0.8892881639361034 0
0.889288163967231 3.679053937827711 0
0.345052700466645 0.1132179101836073 0
0.344302377839413 6.886454662538592 0
3.629124714086005 5.219699211108821 0
6.11067490970939 3.321087750101114 0
4.097625281002209 6.647052282871783 0
5.239757893050636 2.679863864700348 0
4.224985144740845 6.450603855207969 0
1.648770612400399 6.321270839347871 0
3.255469099174212 5.003894554582361 0
6.749957791404089 6.397719670294641 0
5.724372752362109 6.769351653207819 0
6.101103329548597 2.308116445034496 0
3.323251158107521 4.242635665071137 0
6.112323696201518 5.181425162090002 0
1.201516754415752 0.6875982901778386 0
1.051198824928091 6.097414916164979 0
1.515576900645354 0.2469622681712833 0
5.247461782016334 6.267035812289516 0
5.946334587945518 6.741565125946741 0
1.985570659826517 0.3646253854773849 0
0.2346065978192402 4.759353169417588 0
6.252298625868642 4.006337655495203 0
1.537990214204241 6.764040848159463 0
4.005985610918437 0.747541562756846 0
0.747541562756846 2.994014389081563 0
2.209696825982769 5.626002029519293 0
3.076359510963199 0.2220407864557634 0
0.2220407866295586 3.923640488503163 0
3.98102488124998 5.423239427160191 0
6.721363580385633 5.863642417313322 0
6.851521848170647 5.885210783505258 0
3.097704452516794 4.187227784319788 0
1.072736043226002 0.241698864313737 0
5.312500000000001 6.097346071403821 0
6.66324645285321 3.007025851606615 0
2.334665432245257 6.573629709506656 0
6.21151532890105 2.372899034712808 0
3.533548002189693 6.747850840785953 0
1.070611213841481 6.758859442051763 0
0.1096519913495646 3.98945954380141 0
3.010540455895913 0.1096519912758103 0
5.363794129203232 6.32227441713654 0
6.246467049724021 5.748064864121318 0
6.774343759705486 2.940901838026778 0
5.187116433203402 2.903604186996025 0
6.768391632005076 3.752911328335808 0
0.7735207284643444 5.12186323176862 0
5.021363341443519 6.638862922024832 0
2.641366545727389 1.253196292817186 0
0.7848685101956598 1.882475558752001 0
3.752474323744277 0.2313571513723556 0
0.2313571513723556 3.247525676255723 0
6.551944961099313 0.7145987895036452 0
3.919562025965985 6.775801197504599 0
2.873931081529796 0.1071875412880985 0
0.1071875413288703 4.126068918281499 0
3.315902679516316 4.896087919403064 0
2.445380532288012 0.9003556723190274 0
0.900292938312897 4.554653300687863 0
4.324782177670267 5.101162056888894 0
2.422971109886823 5.998136392316441 0
6.227842705983271 5.115934874521694 0
6.322072997345091 3.879419314264895 0
6.774882348911722 2.806607190835573 0
3.878830837034966 0.6775937808131469 0
0.6775937808131469 3.121169162965034 0
4.359264736796366 6.781705915351322 0
2.73527759367806 0.108565067669733 0
0.1086902092854363 4.264877269525 0
2.428278444380108 5.757503707153344 0
6.660009468628385 3.139169343377259 0
6.772029425254471 2.669143157383056 0
5.186343869935652 4.905617866530775 0
6.095923357880302 1.294545784652986 0
6.771531940410871 3.20914662451222 0
4.219062132069693 6.588248334200667 0
2.535455499066729 1.077440434778535 0
1.077475393477021 4.46452200097133 0
3.794254596441071 4.253453526288012 0
1.6875 6.092991474226528 0
3.209191150160247 0.2253765059651185 0
0.2253765060973123 3.790808849523539 0
1.851731665518987 6.19906410078673 0
0.573629696703593 5.100513667746964 0
1.852558456049504 0.8016662257785097 0
5.151607834464526 6.199121364075982 0
6.771189164474174 3.350305743843549 0
1.796151363196514 2.254822073483109 0
4.745177926516886 1.796151363196518 0
2.74518995911716 1.796319066312573 0
6.321688445966219 2.433749217135079 0
1.979855461288437 6.769913031556278 0
1.79168911639068 4.258643730686427 0
3.3505265354019 0.2268817165688701 0
0.2268817166175636 3.649473464490388 0
2.538440123959721 0.2238397212511058 0
0.2247766811918068 4.464537808616427 0
1.687499999999999 0.9088758854859389 0
0.6723884655185315 1.822346205611841 0
6.902341430065237 3.988578099450093 0
1.28164511718032 6.77046089921032 0
4.779826162819767 6.765617409215844 0
5.223637616499863 2.210397508770536 0
2.325655380748857 0.112407685663519 0
3.991347140547842 0.09626580908108107 0
0.09626580908108107 3.008652859452158 0
2.403860697430943 0.2221910079022607 0
5.625302882508523 0.250673213140213 0
1.283372625906483 0.2290881440084949 0
5.684231777611038 4.912811640400532 0
6.776595660611802 1.942723574411425 0
3.822063781921592 5.316391658743814 0
6.434239443254621 2.37255375384076 0
5.876827393568034 2.197360698407763 0
1.765974212923921 6.762920291784764 0
6.346004578990165 5.166630082698976 0
5.462506428831075 4.787198404087895 0
6.3215213042521 4.304559989904717 0
0.4575312783222096 1.947080024727834 0
5.240599522648212 4.188929059158374 0
2.305285188583708 0.6813965804873123 0
0.6775735244661791 4.694549456313037 0
6.870831814880919 4.343497471586883 0
0.3169338203613048 1.403435196403139 0
5.55135958852987 0.1264821410835619 0
6.905123221531582 2.17 0
4.832803336598385 0.09822664794199243 0
0.09822671781489989 2.167196652625156 0
5.682846040707004 2.91628122540581 0
6.763846334833354 6.626033921432397 0
6.547629158440508 2.436945880325007 0
5.896497759921199 4.32099419075676 0
6.900731439093462 2.303737461632182 0
5.439584687384072 2.915228947297634 0
0.1017751881469344 2.302528555104189 0
4.6974713611752 0.1017747693029323 0
0.5657461971709195 1.886488565575675 0
4.570179582833321 6.767106711803741 0
6.664194413831637 4.724647807008739 0
0.3410496244709869 2.00983760564567 0
4.30511253970685 0.6797770769497173 0
0.6797771438071063 2.69488753232318 0
3.790720879000563 4.47458707017982 0
6.781794565041658 2.080571000643149 0
0.2233124740229893 2.083027331309232 0
4.926250523590417 0.227118602194619 0
6.66125526024415 4.599537757807863 0
0.6286804680658444 6.906622791185008 0
0.2251708175420806 5.027806244933696 0
3.083776312485495 4.437499999999999 0
3.790926708467053 4.659560811778841 0
2.091691194041421 6.560410297399256 0
0.9183770896810088 3.318813163077809 0
3.681186836922191 0.9183770896810088 0
6.665803212236085 1.615221831283404 0
1.792517103223312 2.47617924012385 0
4.523820759876141 1.792517103223315 0
6.081567385831299 3.681406929031041 0
6.771908866181542 1.800969435942195 0
2.52385196151286 1.792653890543457 0
0.6300000000000008 0.09202845453963704 0
4.17162189860588 5.097699304023712 0
0.4362779768905334 4.686376967364019 0
3.680445100358434 5.559621977253448 0
5.9254809536144 0.9032391628217589 0
1.917770650959653 4.687500000000001 0
3.682471536161311 5.755624324043209 0
2.358221244610451 6.775907716002029 0
2.430456784047679 6.234684055266886 0
5.848593853868504 0.8036918753768383 0
5.648725054355837 2.206187742714977 0
6.063569012032974 0.9165572165157942 0
1.792427026723773 2.655199873546751 0
4.34480012645324 1.792427026723772 0
4.432982620296143 0.09818532706525573 0
0.09818532706525573 2.567017379703857 0
0.4481950954954024 1.826594501815013 0
2.344841827026607 1.792538682077702 0
6.770622602175427 1.086616453384492 0
6.083878947967287 4.316730715682655 0
5.469466458152713 2.207676026247249 0
1.918939674945899 4.437500000000002 0
0.8623409311767811 6.769125981693597 0
6.784820500245672 4.902094607409444 0
2.59 6.910338385983406 0
0.864541136572393 0.2392362006034929 0
2.719734761457163 6.902983675179454 0
5.670994287571482 0.9086775100154849 0
4.446279062685876 0.771729123032205 0
0.7717291230322001 2.553720937314119 0
0.210145318847256 5.177872485922686 0
4.639155318396951 0.7684763341852698 0
0.7684763341852681 2.360844681603044 0
0.4642921345106128 2.566248612934029 0
4.433751497886917 0.4642905406111741 0
6.435190706665809 4.97854335751277 0
5.561708822256277 0.9247332989957151 0
5.651282971426706 4.202726951224089 0
6.325032994892677 3.447452050523706 0
5.445997833635121 0.7849059125262938 0
2.985636335136286 6.54865255612882 0
3.446666043280663 0.6750249406504092 0
0.6750249407196298 3.553333956576507 0
1.436441608924695 6.080743896637153 0
0.339473930460283 1.759555046166454 0
2.803541121120189 1.47474193272979 0
6.569981531696818 4.309795416532242 0
6.903866546047423 5.787610495676177 0
1.436673554876059 0.9197281803765747 0
5.465556742323917 4.204660386565139 0
3.078402334697936 4.687499999999998 0
6.56835926142503 3.445033583799126 0
5.565796718522402 6.081094096157826 0
0.4306287586290312 3.55523150434097 0
3.444768495659029 0.4306287586290383 0
1.348123796077167 4.199158885957328 0
3.565952144139904 6.451412782190921 0
3.559265418656688 6.207783438995374 0
6.189223931372327 1.626614864858281 0
0.2298327182765934 2.440790833187677 0
4.559209166812323 0.2298327182765934 0
5.10016222603175 0.7686922230256137 0
3.235526238866803 6.780329101997744 0
5.307357255172806 0.9163336886904854 0
3.378266754877484 6.775490358852474 0
6.665820353413043 0.9238880166117553 0
6.795338449318335 5.039895320514662 0
0.2067811304601666 5.316017539329487 0
1.223138860515686 0.7963530340264526 0
4.653025749839161 5.20205549302251 0
4.472334698692219 5.201216768318902 0
4.157461534858466 5.357314091892303 0
6.094206811199149 1.468229879100856 0
0.2181475597335023 1.429660332013972 0
1.214449594922875 6.205826088874776 0
6.892489801447603 4.239762711948728 0
6.658469132733299 2.494705580266849 0
6.690527377495012 5.742421374533528 0
2.906486960543148 1.094150093022409 0
0.3698920476058012 5.0062376575725 0
2.487143154156456 6.777693796579785 0
5.390991075094266 6.678328207205103 0
2.201558867081725 0.5150550685236306 0
5.18877156342896 0.9235919702061315 0
4.748473317993223 0.9623482296352543 0
0.9623646668307448 2.251592910810917 0
3.665055641364971 6.78090246776632 0
3.915196708019383 4.917050129764176 0
3.091653023713102 4.908747693738407 0
0.1018561552190493 2.763579964096982 0
4.236420035903018 0.1018561552190493 0
6.897512886940357 6.897512886940354 0
0.102487113059647 0.1024871130596492 0
0.1024871130596456 6.897512886940357 0
6.897512886940351 0.102487113059647 0
5.09150635094611 2.091506350946111 0
5.09150635094611 4.091506350946111 0
3.90849364905389 4.09150635094611 0
2.90849364905389 1.90849364905389 0
1.908493649053891 2.09150635094611 0
4.90849364905389 1.90849364905389 0
1.908493649053891 4.908493649053891 0
1.90849364905389 4.09150635094611 0
1.90849364905389 2.90849364905389 0
4.09150635094611 1.90849364905389 0
2.09150635094611 1.90849364905389 0
2.09150635094611 5.091506350946109 0
4.90849364905389 5.091506350946109 0
6.198333883258382 1.144209242638796 0
6.797522188945757 1.399262771899355 0
5.908420565074914 4.908535844108828 0
0.2671710999208687 0.1975700140008878 0
6.773910297938873 4.521352117206957 0
6.033797702564708 2.12640777425685 0
3.090697301451354 4.090697301451353 0
0.9687853345155464 2.130460913850005 0
4.868124239791021 0.9697264270586792 0
5.090659495333507 2.909340504666492 0
5.090606154186613 4.909393845813386 0
6.319796138039189 1.834491473347108 0
1.085896969651223 4.087971899212864 0
6.559906390940303 4.911189794054456 0
2.43307293063839 6.426650459113051 0
0.2656187916378765 6.80191801739258 0
5.907952456662731 2.908806106626612 0
0.3494955296863367 1.650749012300783 0
2.161067103408837 0.2153317554135219 0
0.9084941903892698 3.091507288566492 0
3.908492711433508 0.9084941903892698 0
6.091488864770529 3.908463362109354 0
6.799741250342096 5.179437298562619 0
0.3390565005365316 4.653952591071759 0
2.839474304426134 6.77197789561185 0
0.9751560502051193 0.2023031570030502 0
6.678039812519414 0.4861740357619166 0
5.79324349680357 6.20498490179674 0
6.543490135275901 1.949987815896376 0
2.270118574076936 6.659759370196353 0
2.032602905971007 0.8762830039697174 0
0.8747336710562306 4.966434988320706 0
0.1963349963285825 1.541001101458001 0
4.967931778635233 6.123965243606456 0
2.032629495172697 6.124041644569823 0
2.905942340517495 6.660340086152098 0
1.888398620107657 0.3186585146801777 0
6.899803277094812 5.982952697616731 0
6.640202500891824 6.439741431890925 0
0.9733218394021872 6.798754481947873 0
3.986179751022047 6.689107743784124 0
5.128794145437044 6.677521570161446 0
2.196835525360758 5.347734052245205 0
0.08226880736844322 5.52988902376262 0
6.27002637886703 6.659977754145371 0
2.196726374274411 5.528018036623255 0
3.570578989732272 6.02310183102443 0
1.719576131486573 0.2188452920075163 0
0.2273224697103768 5.417431003616732 0
0.3137119129175909 1.223545138842686 0
2.71852556422355 1.305767018400944 0
6.896687312221431 4.446580640843396 0
5.152757686139644 0.2180033901579623 0
6.041935337793877 6.788514372940867 0
2.52280628355131 0.978915858128012 0
3.479532566410382 5.863070870957859 0
0.9789394980497317 4.477214422844229 0
6.785624482205598 4.184261233198735 0
5.599464215709403 6.805295888474188 0
6.479347802018556 6.542040778156295 0
6.927081817822311 5.395156091768919 0
6.662530394514551 0.7281501491839064 0
6.674739806157806 0.2205496586195133 0
6.668982210738633 4.845336257302928 0
0.9436311640351649 0.8285885975170126 0
0.2019458910740144 5.877218971348317 0
6.779670130680466 5.279207259883721 0
6.762731652158883 2.424812368978431 0
0.9441165060146015 0.666286670836846 0
0.08730990425079233 1.177308625201464 0
6.066506294341087 6.052683403575189 0
1.436086197125585 0.3303717873457233 0
3.625000000000001 4.174156185434093 0
3.500000000000001 4.174011195296438 0
1.660402648402372 6.800092809838929 0
6.912053459449174 5.515356763622687 0
6.808733469050672 3.640537533425537 0
1.434404366451352 6.667931452744552 0
1.627559013274969 2.17488434951631 0
4.825115650483682 1.627559013274978 0
1.747570058731673 6.169034259064914 0
3.640528412549531 0.1910047156192491 0
0.1910047156192491 3.359471587450469 0
0.9495095883809128 6.074266225918436 0
2.822953416652374 1.629123859348353 0
1.62617764102491 4.175825588304633 0
1.502739076545872 2.17501902502649 0
4.824980974973503 1.502739076545882 0
1.506658482139553 4.174189431106996 0
5.797256269711096 4.281953244193969 0
1.377220783811805 2.173624051375639 0
4.826375948624356 1.377220783811814 0
4.824581162619777 1.750966441492628 0
1.750966441492625 2.17541883738022 0
3.375000000000001 4.172766700993222 0
5.856133439268889 6.792810600705446 0
2.721197056646451 1.449909178360672 0
3.748934823992795 4.173650691266844 0
2.824518572031594 1.751245618896306 0
3.720403347511533 5.475790713287692 0
1.750954856430118 4.175149776991288 0
6.687685625428234 5.568228021041592 0
1.251955788066501 2.172734007958875 0
4.827265992041124 1.251955788066506 0
5.358347525672768 4.824566360420676 0
1.321019817592887 4.28123826403728 0
0.07088624410263344 1.050000000000001 0
5.155634428201391 0.692086839203311 0
2.805563065960794 1.288225351376173 0
6.069210850320484 5.941265691050521 0
5.350698357339838 0.09655226519427362 0
1.1341702649448 2.174029135192264 0
4.825970864807736 1.134170264944801 0
5.25173674211425 6.171799133208827 0
0.8090552927642922 0.9088658448845597 0
0.6779871391233216 5.079212594477323 0
1.748843550553014 0.8317501590689105 0
3.886030105548215 5.392062348689645 0
5.172457067960336 2.499414155667671 0
0.338301678176598 5.745072031421495 0
6.289912496019387 5.925622571461939 0
6.809299840627968 6.735520860772472 0
4.473553829086949 6.809096103134439 0
0.19045193168746 4.898929242151906 0
2 15 0 66
3544
3545
3546
3547
3548
3549
3550
3551
3552
3553
3554
3555
3556
3557
3558
3559
3560
3561
3562
3563
3564
3565
3566
3567
3568
3569
3570
3571
3572
3573
3574
3575
3576
3577
3578
3579
3580
3581
3582
3583
3584
3585
3586
3587
3588
3589
3590
3591
3592
3593
3594
3595
3596
3597
3598
3599
3600
3601
3602
3603
3604
3605
3606
3607
3608
3609
2.878740859047477 3.431121170366613 0
2.110724939175781 3.564094863106228 0
2.437500000000001 3.108253175473055 0
2.562499999999999 3.891746824526945 0
2.309891853563649 3.89298495739036 0
2.891746824526946 3.6875 0
2.687189134015198 3.104493186086437 0
2.118262685101793 3.330774026076988 0
2.81197032883989 3.89415349436802 0
2.879230463236313 3.186909357623541 0
2.1875 3.108253175473055 0
2.109485192188709 3.79665793440233 0
2.687411721473314 3.892147936167125 0
2.622238267877904 3.78514649317285 0
2.499539711312983 3.783769123073717 0
2.559215977497501 3.677147852116231 0
2.435039950518687 3.676750373077047 0
2.499511558504778 3.567277882974415 0
2.61305714192526 3.567299178708536 0
2.556989618252142 3.456849315519344 0
2.436500196126154 3.458468418926602 0
2.49891496906305 3.350122528691088 0
2.620462266066335 3.348121858204064 0
2.374873370091668 3.350443038866075 0
2.312312261036304 3.458683520634106 0
2.562500000000001 3.242227771688619 0
2.250000000000002 3.350480947161672 0
2.313317681579981 3.247628926644938 0
2.68588136040385 3.249655443277753 0
2.755813845157046 3.357736123817772 0
2.187571053278181 3.455002483117585 0
2.250000000000001 3.56698729810778 0
2.177873219372124 3.676785951947812 0
2.301484014301643 3.682117018002882 0
2.237568194167876 3.786876753309979 0
2.764667250201037 3.770933993893186 0
2.371550443317243 3.785074977036937 0
2.436724048594508 3.892115269153884 0
2.891746824526945 3.312500000000001 0
2.777422641196527 3.473447216411162 0
2.862876946196046 3.561798247181948 0
2.781907465478099 3.654808928225187 0
2.562500000000001 3.108253175473054 0
2.437500000000001 3.242227771688618 0
2.3125 3.108253175473056 0
2.372474663414595 3.568380751953805 0
2.89590048577861 3.812067822096679 0
2.808146278818612 3.092925648673471 0
2.103415783057214 3.193362006839476 0
2.19113335612849 3.89717308644058 0
2.792327383986086 3.25628918442076 0
2.201088939441102 3.250073349532938 0
2.673926662060056 3.677601142605596 0
2.084535701237512 3.437499999999999 0
2.67184042322243 3.45772433580921 0
2.077337554525795 3.687499999999999 0
2.09150635094611 3.90849364905389 0
2.90849364905389 3.90849364905389 0
2.90849364905389 3.09150635094611 0
2.09150635094611 3.091506350946109 0
2.73017188001307 3.56544650815694 0
2.625000000000001 3.175240473580836 0
2.375000000000001 3.175240473580836 0
2.500000000000001 3.175240473580836 0
2.260160832435939 3.175306770784695 0
2.748964426606275 3.174644997384735 0
2 16 0 66
3610
3611
3612
3613
3614
3615
3616
3617
3618
3619
3620
3621
3622
3623
3624
3625
3626
3627
3628
3629
3630
3631
3632
3633
3634
3635
3636
3637
3638
3639
3640
3641
3642
3643
3644
3645
3646
3647
3648
3649
3650
3651
3652
3653
3654
3655
3656
3657
3658
3659
3660
3661
3662
3663
3664
3665
3666
3667
3668
3669
3670
3671
3672
3673
3674
3675
4.110724939175782 3.564094863106227 0
4.887575618975385 3.428512301152363 0
4.562499999999999 3.891746824526945 0
4.437500000000002 3.108253175473055 0
4.309891853563649 3.892984957390359 0
4.687189134015198 3.104493186086437 0
4.887962984380572 3.698340706838323 0
4.118262685101794 3.330774026076986 0
4.81197032883989 3.894153494368021 0
4.187500000000001 3.108253175473055 0
4.879230463236312 3.186909357623541 0
4.10948519218871 3.796657934402329 0
4.687411721473314 3.892147936167125 0
4.624985286912218 3.783560500993921 0
4.499997547818703 3.783504791043895 0
4.56249713912182 3.675253472569175 0
4.435663116873695 3.676390587814233 0
4.499693375999253 3.567181150311403 0
4.624948419186845 3.567021773306442 0
4.562440299197684 3.458772177201774 0
4.437438945866157 3.458772773763171 0
4.500000000000003 3.350480947161672 0
4.624990049866282 3.350487289589514 0
4.374989824311029 3.350487389016411 0
4.312488128362865 3.458741638131922 0
4.562500000000004 3.242227771688618 0
4.250000000000004 3.350480947161669 0
4.313324754844035 3.247631620410141 0
4.686618840023643 3.247676924341295 0
4.767061357695333 3.359786213924343 0
4.18758600798282 3.455007425081682 0
4.25 3.566987298107778 0
4.177873219372126 3.676785951947811 0
4.301484014301645 3.682117018002878 0
4.237568194167878 3.786876753309977 0
4.371679134133996 3.785000677359241 0
4.683862680335217 3.673166174869473 0
4.745127204272974 3.565782547624795 0
4.312500000000002 3.108253175473055 0
4.372794596900603 3.568365077688564 0
4.88965451481528 3.30954855627384 0
4.768889154813956 3.772917057887558 0
4.871910158459681 3.564415538650516 0
4.437500000000004 3.242227771688618 0
4.6875 3.458734122634728 0
4.436793873275755 3.89207495585537 0
4.562500000000001 3.108253175473054 0
4.103415783057214 3.193362006839475 0
4.895952636310341 3.813594461481523 0
4.808146278818612 3.092925648673471 0
4.191133356128493 3.897173086440578 0
4.794305920475368 3.255713209909551 0
4.201088939441104 3.250073349532934 0
4.084535701237511 3.437499999999999 0
4.791834867880675 3.475446144797349 0
4.791550436452479 3.654924405174133 0
4.077337554525796 3.687499999999999 0
4.09150635094611 3.09150635094611 0
4.90849364905389 3.908493649053891 0
4.09150635094611 3.90849364905389 0
4.90849364905389 3.09150635094611 0
4.625000000000001 3.175240473580835 0
4.500000000000002 3.175240473580835 0
4.375000000000001 3.175240473580834 0
4.260161347979967 3.175306967123265 0
4.748964426606275 3.174644997384735 0
2 17 0 66
3676
3677
3678
3679
3680
3681
3682
3683
3684
3685
3686
3687
3688
3689
3690
3691
3692
3693
3694
3695
3696
3697
3698
3699
3700
3701
3702
3703
3704
3705
3706
3707
3708
3709
3710
3711
3712
3713
3714
3715
3716
3717
3718
3719
3720
3721
3722
3723
3724
3725
3726
3727
3728
3729
3730
3731
3732
3733
3734
3735
3736
3737
3738
3739
3740
3741
3.891746824526945 2.437500000000001 0
3.108253175473055 2.562499999999999 0
3.568878829633387 2.878740859047476 0
3.435905136893771 2.110724939175781 0
3.3125 2.891746824526946 0
3.895506813913563 2.687189134015198 0
3.669225973923011 2.118262685101792 0
3.107015042609639 2.309891853563648 0
3.81309064237646 2.879230463236312 0
3.891746824526945 2.1875 0
3.20334206559767 2.109485192188707 0
3.10584650563198 2.81197032883989 0
3.107852063832875 2.687411721473314 0
3.214853506827149 2.622238267877904 0
3.216230876926283 2.499539711312984 0
3.322852147883769 2.5592159774975 0
3.323249626922952 2.435039950518687 0
3.432722117025585 2.499511558504777 0
3.432700821291464 2.613057141925259 0
3.543150684480656 2.55698961825214 0
3.541531581073397 2.436500196126152 0
3.649877471308911 2.498914969063048 0
3.651878141795936 2.620462266066332 0
3.649556961133924 2.374873370091666 0
3.541316479365893 2.312312261036303 0
3.757772228311381 2.562499999999998 0
3.649519052838326 2.249999999999999 0
3.75237107335506 2.313317681579978 0
3.750344556722248 2.685881360403847 0
3.642263876182229 2.755813845157044 0
3.544997516882414 2.187571053278179 0
3.433012701892218 2.25 0
3.323214048052187 2.177873219372122 0
3.317882981997116 2.30148401430164 0
3.21312324669002 2.237568194167873 0
3.229066006106814 2.764667250201037 0
3.108000907659181 2.436988594146105 0
3.214894991080459 2.371489561667969 0
3.687499999999999 2.891746824526945 0
3.526552783588838 2.777422641196526 0
3.438201752818052 2.862876946196045 0
3.345191071774813 2.781907465478099 0
3.891746824526946 2.562500000000001 0
3.891746824526946 2.312500000000002 0
3.431619248046194 2.372474663414593 0
3.757772228311381 2.437499999999998 0
3.187932177903321 2.89590048577861 0
3.90707435132653 2.808146278818612 0
3.806637993160524 2.103415783057214 0
3.102826913559418 2.191133356128488 0
3.74371081557924 2.792327383986084 0
3.74992665046706 2.2010889394411 0
3.322398857394404 2.673926662060056 0
3.562500000000001 2.084535701237511 0
3.54227566419079 2.671840423222428 0
3.312500000000001 2.077337554525794 0
3.09150635094611 2.90849364905389 0
3.90849364905389 2.90849364905389 0
3.908493649053891 2.09150635094611 0
3.09150635094611 2.09150635094611 0
3.43455349184306 2.730171880013069 0
3.824759526419162 2.374999999999998 0
3.824759526419162 2.624999999999997 0
3.824759526419163 2.499999999999999 0
3.824693229215303 2.260160832435939 0
3.825355002615266 2.748964426606275 0
$EndNodes
$Elements
20 7480 1 7480
1 1 1 50
1 1 39 
2 39 40 
3 40 41 
4 41 42 
5 42 43 
6 43 44 
7 44 45 
8 45 46 
9 46 47 
10 47 48 
11 48 49 
12 49 50 
13 50 51 
14 51 52 
15 52 53 
16 53 54 
17 54 55 
18 55 56 
19 56 57 
20 57 58 
21 58 59 
22 59 60 
23 60 61 
24 61 62 
25 62 63 
26 63 64 
27 64 65 
28 65 66 
29 66 67 
30 67 68 
31 68 69 
32 69 70 
33 70 71 
34 71 72 
35 72 73 
36 73 74 
37 74 75 
38 75 76 
39 76 77 
40 77 78 
41 78 79 
42 79 80 
43 80 81 
44 81 82 
45 82 83 
46 83 84 
47 84 85 
48 85 86 
49 86 87 
50 87 2 
1 2 1 50
51 3 88 
52 88 89 
53 89 90 
54 90 91 
55 91 92 
56 92 93 
57 93 94 
58 94 95 
59 95 96 
60 96 97 
61 97 98 
62 98 99 
63 99 100 
64 100 101 
65 101 102 
66 102 103 
67 103 104 
68 104 105 
69 105 106 
70 106 107 
71 107 108 
72 108 109 
73 109 110 
74 110 111 
75 111 112 
76 112 113 
77 113 114 
78 114 115 
79 115 116 
80 116 117 
81 117 118 
82 118 119 
83 119 120 
84 120 121 
85 121 122 
86 122 123 
87 123 124 
88 124 125 
89 125 126 
90 126 127 
91 127 128 
92 128 129 
93 129 130 
94 130 131 
95 131 132 
96 132 133 
97 133 134 
98 134 135 
99 135 136 
100 136 1 
1 3 1 50
101 2 137 
102 137 138 
103 138 139 
104 139 140 
105 140 141 
106 141 142 
107 142 143 
108 143 144 
109 144 145 
110 145 146 
111 146 147 
112 147 148 
113 148 149 
114 149 150 
115 150 151 
116 151 152 
117 152 153 
118 153 154 
119 154 155 
120 155 156 
121 156 157 
122 157 158 
123 158 159 
124 159 160 
125 160 161 
126 161 162 
127 162 163 
128 163 164 
129 164 165 
130 165 166 
131 166 167 
132 167 168 
133 168 169 
134 169 170 
135 170 171 
136 171 172 
137 172 173 
138 173 174 
139 174 175 
140 175 176 
141 176 177 
142 177 178 
143 178 179 
144 179 180 
145 180 181 
146 181 182 
147 182 183 
148 183 184 
149 184 185 
150 185 4 
1 4 1 50
151 4 186 
152 186 187 
153 187 188 
154 188 189 
155 189 190 
156 190 191 
157 191 192 
158 192 193 
159 193 194 
160 194 195 
161 195 196 
162 196 197 
163 197 198 
164 198 199 
165 199 200 
166 200 201 
167 201 202 
168 202 203 
169 203 204 
170 204 205 
171 205 206 
172 206 207 
173 207 208 
174 208 209 
175 209 210 
176 210 211 
177 211 212 
178 212 213 
179 213 214 
180 214 215 
181 215 216 
182 216 217 
183 217 218 
184 218 219 
185 219 220 
186 220 221 
187 221 222 
188 222 223 
189 223 224 
190 224 225 
191 225 226 
192 226 227 
193 227 228 
194 228 229 
195 229 230 
196 230 231 
197 231 232 
198 232 233 
199 233 234 
200 234 3 
2 2 2 162
201 609 619 577 
202 578 601 597 
203 571 611 600 
204 577 626 609 
205 600 625 571 
206 578 624 601 
207 582 605 603 
208 576 608 605 
209 603 627 582 
210 572 603 602 
211 572 602 601 
212 587 612 604 
213 605 608 604 
214 580 619 609 
215 607 626 613 
216 613 625 607 
217 604 612 602 
218 604 608 587 
219 611 622 600 
220 597 623 578 
221 603 604 602 
222 618 623 579 
223 623 635 579 
224 613 626 577 
225 603 605 604 
226 605 621 576 
227 589 606 590 
228 589 607 606 
229 583 584 574 
230 576 610 608 
231 583 609 584 
232 588 612 587 
233 586 588 587 
234 591 612 588 
235 595 612 591 
236 585 610 574 
237 571 613 434 
238 608 610 585 
239 456 583 574 
240 593 600 599 
241 597 601 595 
242 584 586 585 
243 590 606 593 
244 602 612 595 
245 581 611 436 
246 594 597 595 
247 440 614 575 
248 441 614 440 
249 455 610 454 
250 590 591 588 
251 593 599 596 
252 435 571 434 
253 449 572 448 
254 434 613 433 
255 579 615 443 
256 594 595 591 
257 436 611 435 
258 609 616 584 
259 586 589 588 
260 590 592 591 
261 442 573 441 
262 584 585 574 
263 589 590 588 
264 594 598 597 
265 433 577 432 
266 447 578 446 
267 580 609 583 
268 574 610 455 
269 593 606 600 
270 580 583 457 
271 433 613 577 
272 437 581 436 
273 444 579 443 
274 451 582 450 
275 456 574 455 
276 457 583 456 
277 589 616 607 
278 586 587 585 
279 587 608 585 
280 590 593 592 
281 442 615 573 
282 458 580 457 
283 443 615 442 
284 454 610 576 
285 435 611 571 
286 601 602 595 
287 586 616 589 
288 440 575 439 
289 454 576 453 
290 573 614 441 
291 593 596 592 
292 594 617 598 
293 592 594 591 
294 584 616 586 
295 592 617 594 
296 596 617 592 
297 620 636 581 
298 581 636 622 
299 571 625 613 
300 446 618 445 
301 439 620 438 
302 432 619 431 
303 601 624 572 
304 453 621 452 
305 576 621 453 
306 572 627 603 
307 575 620 439 
308 577 619 432 
309 578 618 446 
310 582 621 605 
311 606 625 600 
312 447 624 578 
313 572 624 448 
314 609 626 616 
315 582 627 450 
316 449 627 572 
317 13 630 437 
318 445 629 32 
319 438 630 13 
320 31 628 458 
321 32 629 444 
322 431 628 31 
323 452 631 33 
324 33 631 451 
325 581 622 611 
326 600 622 599 
327 598 623 597 
328 578 623 618 
329 448 624 447 
330 607 625 606 
331 616 626 607 
332 618 629 445 
333 619 628 431 
334 620 630 438 
335 450 627 449 
336 437 630 581 
337 444 629 579 
338 458 628 580 
339 451 631 582 
340 621 631 452 
341 634 635 598 
342 614 632 575 
343 599 632 596 
344 573 633 614 
345 573 634 633 
346 615 634 573 
347 633 634 617 
348 596 633 617 
349 617 634 598 
350 632 633 596 
351 614 633 632 
352 615 635 634 
353 579 635 615 
354 580 628 619 
355 579 629 618 
356 581 630 620 
357 599 636 632 
358 632 636 575 
359 582 631 621 
360 575 636 620 
361 598 635 623 
362 622 636 599 
2 3 2 162
363 674 685 644 
364 642 667 663 
365 637 677 666 
366 644 692 674 
367 666 691 637 
368 642 690 667 
369 646 671 669 
370 643 673 671 
371 669 693 646 
372 638 669 668 
373 638 668 667 
374 653 672 670 
375 671 673 670 
376 647 685 674 
377 676 692 678 
378 678 691 676 
379 670 672 668 
380 670 673 653 
381 677 688 666 
382 663 689 642 
383 669 670 668 
384 684 689 645 
385 689 701 645 
386 678 692 644 
387 669 671 670 
388 671 687 643 
389 673 681 651 
390 643 681 673 
391 653 673 651 
392 657 672 654 
393 649 674 650 
394 654 672 653 
395 661 672 657 
396 668 672 661 
397 659 665 662 
398 649 650 640 
399 663 667 661 
400 651 681 640 
401 655 675 656 
402 463 680 639 
403 484 677 637 
404 655 676 675 
405 655 682 676 
406 650 652 651 
407 485 677 484 
408 674 682 650 
409 648 677 485 
410 652 653 651 
411 660 663 661 
412 659 662 658 
413 656 658 657 
414 462 679 461 
415 483 678 482 
416 647 674 649 
417 461 679 641 
418 475 681 643 
419 482 678 644 
420 645 680 464 
421 647 649 478 
422 637 678 483 
423 465 645 464 
424 486 648 485 
425 464 680 463 
426 478 649 477 
427 650 651 640 
428 660 664 663 
429 463 639 462 
430 470 638 469 
431 477 640 476 
432 484 637 483 
433 656 657 654 
434 667 668 661 
435 660 661 657 
436 656 659 658 
437 650 682 652 
438 652 655 654 
439 640 681 476 
440 477 649 640 
441 652 654 653 
442 461 641 460 
443 468 642 467 
444 475 643 474 
445 482 644 481 
446 658 660 657 
447 652 682 655 
448 472 646 471 
449 479 647 478 
450 659 666 665 
451 656 675 659 
452 476 681 475 
453 655 656 654 
454 639 679 462 
455 660 683 664 
456 662 683 658 
457 659 675 666 
458 658 683 660 
459 686 702 648 
460 648 702 688 
461 637 691 678 
462 467 684 466 
463 460 686 459 
464 481 685 480 
465 667 690 638 
466 474 687 473 
467 643 687 474 
468 638 693 669 
469 641 686 460 
470 642 684 467 
471 644 685 481 
472 646 687 671 
473 468 690 642 
474 638 690 469 
475 675 691 666 
476 674 692 682 
477 470 693 638 
478 646 693 471 
479 459 694 26 
480 26 694 486 
481 36 697 479 
482 466 695 34 
483 480 697 36 
484 34 695 465 
485 35 696 472 
486 473 696 35 
487 648 688 677 
488 666 688 665 
489 664 689 663 
490 642 689 684 
491 469 690 468 
492 676 691 675 
493 682 692 676 
494 684 695 466 
495 685 697 480 
496 686 694 459 
497 471 693 470 
498 465 695 645 
499 486 694 648 
500 472 696 646 
501 479 697 647 
502 687 696 473 
503 700 701 664 
504 698 699 662 
505 679 699 698 
506 679 698 641 
507 665 698 662 
508 662 699 683 
509 683 700 664 
510 699 700 683 
511 639 699 679 
512 680 700 639 
513 639 700 699 
514 680 701 700 
515 645 701 680 
516 647 697 685 
517 645 695 684 
518 648 694 686 
519 665 702 698 
520 698 702 641 
521 646 696 687 
522 641 702 686 
523 664 701 689 
524 688 702 665 
2 4 2 162
525 738 751 710 
526 704 741 732 
527 709 733 729 
528 710 758 738 
529 732 756 704 
530 709 757 733 
531 714 737 735 
532 708 742 737 
533 735 759 714 
534 703 735 734 
535 703 734 733 
536 719 744 736 
537 737 742 736 
538 712 751 738 
539 740 758 748 
540 748 756 740 
541 736 744 734 
542 736 742 719 
543 741 754 732 
544 729 755 709 
545 735 736 734 
546 750 755 711 
547 755 767 711 
548 748 758 710 
549 735 737 736 
550 737 753 708 
551 712 715 422 
552 711 743 296 
553 738 739 716 
554 725 749 732 
555 726 745 730 
556 716 739 718 
557 428 741 704 
558 715 738 716 
559 421 715 706 
560 712 738 715 
561 705 746 294 
562 708 747 742 
563 726 729 727 
564 718 719 717 
565 720 744 719 
566 722 723 720 
567 728 745 724 
568 729 733 727 
569 725 731 728 
570 726 727 723 
571 713 741 429 
572 718 721 720 
573 723 744 720 
574 716 717 706 
575 706 747 420 
576 717 747 706 
577 294 746 293 
578 295 705 294 
579 296 743 295 
580 422 715 421 
581 733 734 727 
582 420 747 419 
583 430 713 429 
584 493 714 492 
585 295 743 705 
586 725 728 724 
587 724 726 723 
588 428 704 427 
589 491 703 490 
590 718 720 719 
591 722 724 723 
592 716 718 717 
593 293 746 707 
594 426 748 710 
595 426 710 425 
596 489 709 488 
597 419 747 708 
598 715 716 706 
599 297 711 296 
600 423 712 422 
601 421 706 420 
602 726 730 729 
603 429 741 428 
604 427 748 426 
605 719 742 717 
606 721 722 720 
607 725 732 731 
608 742 747 717 
609 739 740 721 
610 722 725 724 
611 704 748 427 
612 718 739 721 
613 724 745 726 
614 293 707 292 
615 419 708 418 
616 722 749 725 
617 734 744 727 
618 721 749 722 
619 727 744 723 
620 740 749 721 
621 752 768 713 
622 713 768 754 
623 704 756 748 
624 425 751 424 
625 488 750 487 
626 292 752 291 
627 733 757 703 
628 418 753 417 
629 708 753 418 
630 703 759 735 
631 710 751 425 
632 707 752 292 
633 709 750 488 
634 714 753 737 
635 703 757 490 
636 489 757 709 
637 749 756 732 
638 738 758 739 
639 714 759 492 
640 491 759 703 
641 487 760 14 
642 424 763 30 
643 417 762 29 
644 29 762 493 
645 14 760 297 
646 30 763 423 
647 291 761 13 
648 13 761 430 
649 713 754 741 
650 732 754 731 
651 730 755 729 
652 709 755 750 
653 490 757 489 
654 740 756 749 
655 739 758 740 
656 750 760 487 
657 751 763 424 
658 752 761 291 
659 492 759 491 
660 493 762 714 
661 297 760 711 
662 423 763 712 
663 430 761 713 
664 753 762 417 
665 765 767 730 
666 705 765 764 
667 764 765 745 
668 745 765 730 
669 743 765 705 
670 728 766 764 
671 731 766 728 
672 728 764 745 
673 746 766 707 
674 764 766 746 
675 705 764 746 
676 743 767 765 
677 711 767 743 
678 713 761 752 
679 711 760 750 
680 712 763 751 
681 731 768 766 
682 766 768 707 
683 714 762 753 
684 707 768 752 
685 730 767 755 
686 754 768 731 
2 5 2 162
687 805 815 773 
688 773 810 805 
689 775 799 795 
690 771 807 798 
691 798 808 771 
692 775 822 799 
693 392 809 391 
694 779 803 801 
695 776 804 803 
696 801 824 779 
697 391 809 773 
698 771 809 392 
699 772 801 800 
700 772 800 799 
701 785 814 802 
702 803 804 802 
703 780 815 805 
704 808 809 771 
705 802 814 800 
706 802 804 785 
707 808 829 809 
708 809 829 810 
709 807 819 798 
710 795 820 775 
711 801 802 800 
712 817 820 778 
713 820 833 778 
714 810 821 805 
715 809 810 773 
716 801 803 802 
717 803 818 776 
718 519 781 769 
719 804 813 783 
720 778 811 401 
721 800 814 793 
722 781 782 769 
723 791 797 794 
724 795 799 793 
725 792 812 796 
726 785 804 783 
727 783 813 769 
728 789 814 786 
729 781 805 782 
730 788 791 790 
731 784 787 786 
732 393 807 771 
733 400 811 770 
734 791 794 790 
735 777 807 394 
736 770 806 399 
737 769 813 518 
738 780 781 520 
739 791 798 797 
740 782 783 769 
741 788 789 786 
742 776 813 804 
743 399 806 398 
744 518 813 517 
745 780 805 781 
746 398 806 774 
747 517 813 776 
748 799 800 793 
749 784 785 783 
750 792 795 793 
751 782 784 783 
752 784 786 785 
753 395 777 394 
754 402 778 401 
755 409 779 408 
756 521 780 520 
757 786 814 785 
758 787 788 786 
759 394 807 393 
760 401 811 400 
761 520 781 519 
762 393 771 392 
763 400 770 399 
764 407 772 406 
765 519 769 518 
766 790 792 789 
767 792 796 795 
768 792 793 789 
769 790 812 792 
770 788 790 789 
771 391 773 390 
772 398 774 397 
773 405 775 404 
774 517 776 516 
775 794 812 790 
776 793 814 789 
777 798 823 808 
778 816 834 777 
779 777 834 819 
780 390 815 389 
781 397 816 396 
782 404 817 403 
783 799 822 772 
784 516 818 515 
785 776 818 516 
786 772 824 801 
787 773 815 390 
788 774 816 397 
789 775 817 404 
790 787 829 823 
791 779 818 803 
792 805 821 782 
793 784 821 787 
794 772 822 406 
795 405 822 775 
796 787 823 788 
797 791 823 798 
798 407 824 772 
799 779 824 408 
800 389 827 25 
801 396 828 26 
802 403 825 27 
803 28 826 409 
804 515 826 28 
805 25 827 521 
806 26 828 395 
807 27 825 402 
808 821 829 787 
809 798 819 797 
810 777 819 807 
811 796 820 795 
812 823 829 808 
813 782 821 784 
814 775 820 817 
815 406 822 405 
816 788 823 791 
817 810 829 821 
818 817 825 403 
819 815 827 389 
820 816 828 396 
821 408 824 407 
822 402 825 778 
823 409 826 779 
824 395 828 777 
825 521 827 780 
826 818 826 515 
827 832 833 796 
828 797 830 794 
829 794 831 812 
830 806 830 774 
831 811 832 770 
832 812 832 796 
833 830 831 794 
834 831 832 812 
835 806 831 830 
836 770 831 806 
837 770 832 831 
838 811 833 832 
839 778 833 811 
840 778 825 817 
841 780 827 815 
842 777 828 816 
843 797 834 830 
844 830 834 774 
845 779 826 818 
846 774 834 816 
847 796 833 820 
848 819 834 797 
2 6 2 162
849 880 883 840 
850 839 865 861 
851 836 874 864 
852 840 890 880 
853 864 889 836 
854 839 888 865 
855 846 869 867 
856 841 870 869 
857 867 891 846 
858 838 867 866 
859 838 866 865 
860 851 877 868 
861 869 870 868 
862 844 883 880 
863 872 890 876 
864 876 889 872 
865 868 877 866 
866 868 870 851 
867 874 886 864 
868 861 887 839 
869 867 868 866 
870 882 887 843 
871 887 899 843 
872 876 890 840 
873 867 869 868 
874 869 885 841 
875 849 873 850 
876 852 877 851 
877 851 870 848 
878 855 877 852 
879 850 873 853 
880 879 880 849 
881 844 880 879 
882 843 875 317 
883 853 873 872 
884 857 871 864 
885 300 847 841 
886 314 878 842 
887 858 859 855 
888 835 849 848 
889 853 871 854 
890 857 863 860 
891 301 847 300 
892 859 877 855 
893 835 847 301 
894 315 878 314 
895 837 878 315 
896 317 875 316 
897 849 850 848 
898 853 872 871 
899 866 877 859 
900 854 856 855 
901 854 871 857 
902 316 875 837 
903 311 845 310 
904 514 846 513 
905 847 870 841 
906 848 870 847 
907 309 874 836 
908 302 835 301 
909 304 844 303 
910 316 837 315 
911 318 843 317 
912 865 866 859 
913 850 852 851 
914 309 836 308 
915 845 874 310 
916 512 838 511 
917 849 880 873 
918 856 858 855 
919 854 855 852 
920 300 841 299 
921 314 842 313 
922 307 840 306 
923 510 839 509 
924 850 851 848 
925 861 865 859 
926 854 857 856 
927 850 853 852 
928 857 864 863 
929 853 854 852 
930 858 862 861 
931 308 876 307 
932 307 876 840 
933 857 860 856 
934 858 861 859 
935 302 879 835 
936 844 879 303 
937 835 848 847 
938 835 879 849 
939 836 876 308 
940 310 874 309 
941 303 879 302 
942 860 881 856 
943 856 881 858 
944 858 881 862 
945 884 900 845 
946 845 900 886 
947 836 889 876 
948 509 882 508 
949 306 883 305 
950 313 884 312 
951 865 888 838 
952 299 885 298 
953 841 885 299 
954 838 891 867 
955 839 882 509 
956 842 884 313 
957 840 883 306 
958 846 885 869 
959 510 888 839 
960 838 888 511 
961 871 889 864 
962 880 890 873 
963 846 891 513 
964 512 891 838 
965 17 893 318 
966 508 893 17 
967 298 894 14 
968 312 895 16 
969 14 894 514 
970 16 895 311 
971 305 892 15 
972 15 892 304 
973 864 886 863 
974 845 886 874 
975 862 887 861 
976 839 887 882 
977 511 888 510 
978 872 889 871 
979 873 890 872 
980 883 892 305 
981 882 893 508 
982 884 895 312 
983 513 891 512 
984 318 893 843 
985 304 892 844 
986 311 895 845 
987 514 894 846 
988 885 894 298 
989 898 899 862 
990 860 897 896 
991 896 897 878 
992 878 897 842 
993 863 897 860 
994 837 896 878 
995 875 898 837 
996 896 898 881 
997 837 898 896 
998 860 896 881 
999 881 898 862 
1000 875 899 898 
1001 843 899 875 
1002 844 892 883 
1003 845 895 884 
1004 843 893 882 
1005 863 900 897 
1006 897 900 842 
1007 846 894 885 
1008 842 900 884 
1009 862 899 887 
1010 886 900 863 
2 7 2 162
1011 938 949 906 
1012 904 940 930 
1013 905 931 927 
1014 906 956 938 
1015 930 954 904 
1016 905 955 931 
1017 909 935 933 
1018 908 947 935 
1019 933 957 909 
1020 903 933 932 
1021 903 932 931 
1022 917 946 934 
1023 935 947 934 
1024 911 949 938 
1025 937 956 942 
1026 942 954 937 
1027 934 946 932 
1028 934 947 917 
1029 940 952 930 
1030 927 953 905 
1031 933 934 932 
1032 950 953 912 
1033 953 965 912 
1034 942 956 906 
1035 933 935 934 
1036 935 951 908 
1037 914 947 913 
1038 913 947 908 
1039 917 947 914 
1040 938 941 911 
1041 923 939 930 
1042 915 941 938 
1043 380 941 379 
1044 911 941 380 
1045 910 940 387 
1046 902 915 914 
1047 920 939 923 
1048 379 941 902 
1049 526 943 901 
1050 386 940 904 
1051 902 914 913 
1052 924 927 925 
1053 387 940 386 
1054 915 938 936 
1055 919 920 918 
1056 916 936 919 
1057 924 928 927 
1058 525 944 524 
1059 923 926 922 
1060 912 943 527 
1061 902 941 915 
1062 920 922 921 
1063 925 946 921 
1064 932 946 925 
1065 904 942 385 
1066 381 911 380 
1067 528 912 527 
1068 379 902 378 
1069 526 901 525 
1070 377 913 908 
1071 384 942 906 
1072 524 944 907 
1073 377 908 376 
1074 524 907 523 
1075 922 924 921 
1076 923 930 929 
1077 374 909 373 
1078 388 910 387 
1079 920 921 918 
1080 937 939 919 
1081 385 942 384 
1082 386 904 385 
1083 372 903 371 
1084 916 918 917 
1085 922 945 924 
1086 527 943 526 
1087 923 929 926 
1088 927 931 925 
1089 924 925 921 
1090 924 945 928 
1091 916 917 914 
1092 915 936 916 
1093 931 932 925 
1094 378 913 377 
1095 901 944 525 
1096 920 923 922 
1097 936 937 919 
1098 916 919 918 
1099 919 939 920 
1100 370 905 369 
1101 384 906 383 
1102 915 916 914 
1103 926 945 922 
1104 902 913 378 
1105 921 946 918 
1106 918 946 917 
1107 948 966 910 
1108 910 966 952 
1109 904 954 942 
1110 523 948 522 
1111 369 950 368 
1112 383 949 382 
1113 931 955 903 
1114 376 951 375 
1115 908 951 376 
1116 903 957 933 
1117 906 949 383 
1118 907 948 523 
1119 905 950 369 
1120 909 951 935 
1121 939 954 930 
1122 370 955 905 
1123 903 955 371 
1124 938 956 936 
1125 372 957 903 
1126 909 957 373 
1127 25 959 388 
1128 522 959 25 
1129 368 960 22 
1130 382 961 24 
1131 22 960 528 
1132 24 961 381 
1133 375 958 23 
1134 23 958 374 
1135 910 952 940 
1136 930 952 929 
1137 928 953 927 
1138 905 953 950 
1139 937 954 939 
1140 371 955 370 
1141 936 956 937 
1142 950 960 368 
1143 948 959 522 
1144 949 961 382 
1145 373 957 372 
1146 374 958 909 
1147 388 959 910 
1148 381 961 911 
1149 528 960 912 
1150 951 958 375 
1151 962 965 928 
1152 963 964 944 
1153 943 962 901 
1154 944 964 907 
1155 901 963 944 
1156 926 964 963 
1157 962 963 901 
1158 929 964 926 
1159 926 963 945 
1160 945 962 928 
1161 945 963 962 
1162 943 965 962 
1163 912 965 943 
1164 912 960 950 
1165 910 959 948 
1166 911 961 949 
1167 929 966 964 
1168 964 966 907 
1169 909 958 951 
1170 907 966 948 
1171 928 965 953 
1172 952 966 929 
2 8 2 162
1173 1002 1015 972 
1174 972 1007 1002 
1175 973 997 993 
1176 969 1004 996 
1177 996 1005 969 
1178 973 1020 997 
1179 329 1006 328 
1180 977 1001 999 
1181 971 1003 1001 
1182 999 1022 977 
1183 328 1006 972 
1184 969 1006 329 
1185 970 999 998 
1186 970 998 997 
1187 983 1012 1000 
1188 1001 1003 1000 
1189 975 1015 1002 
1190 1005 1006 969 
1191 1000 1012 998 
1192 1000 1003 983 
1193 1005 1027 1006 
1194 1006 1027 1007 
1195 1004 1017 996 
1196 993 1018 973 
1197 999 1000 998 
1198 1013 1018 978 
1199 1018 1031 978 
1200 1007 1019 1002 
1201 1006 1007 972 
1202 999 1001 1000 
1203 1001 1016 971 
1204 981 1009 968 
1205 1003 1009 981 
1206 971 1009 1003 
1207 976 1004 331 
1208 978 1008 569 
1209 323 979 968 
1210 975 979 324 
1211 986 988 987 
1212 975 1002 979 
1213 993 997 991 
1214 986 989 988 
1215 983 1003 981 
1216 325 975 324 
1217 332 976 331 
1218 507 977 506 
1219 570 978 569 
1220 992 1011 988 
1221 567 1010 566 
1222 979 1002 980 
1223 968 1009 322 
1224 990 993 991 
1225 988 990 987 
1226 986 987 984 
1227 991 1012 987 
1228 989 996 995 
1229 980 982 981 
1230 330 1004 969 
1231 568 1008 967 
1232 979 980 968 
1233 324 979 323 
1234 331 1004 330 
1235 569 1008 568 
1236 323 968 322 
1237 330 969 329 
1238 505 970 504 
1239 568 967 567 
1240 322 1009 321 
1241 321 1009 971 
1242 566 1010 974 
1243 982 984 983 
1244 985 986 984 
1245 967 1010 567 
1246 984 1012 983 
1247 321 971 320 
1248 328 972 327 
1249 503 973 502 
1250 566 974 565 
1251 980 981 968 
1252 989 992 988 
1253 988 1011 990 
1254 990 991 987 
1255 989 995 992 
1256 990 1011 994 
1257 987 1012 984 
1258 982 985 984 
1259 990 994 993 
1260 997 998 991 
1261 982 983 981 
1262 998 1012 991 
1263 996 1021 1005 
1264 1014 1032 976 
1265 976 1032 1017 
1266 502 1013 501 
1267 327 1015 326 
1268 565 1014 564 
1269 997 1020 970 
1270 320 1016 319 
1271 971 1016 320 
1272 970 1022 999 
1273 973 1013 502 
1274 972 1015 327 
1275 974 1014 565 
1276 985 1027 1021 
1277 977 1016 1001 
1278 982 1019 985 
1279 1002 1019 980 
1280 970 1020 504 
1281 503 1020 973 
1282 985 1021 986 
1283 989 1021 996 
1284 977 1022 506 
1285 505 1022 970 
1286 501 1026 37 
1287 326 1024 5 
1288 319 1023 17 
1289 564 1025 18 
1290 37 1026 570 
1291 5 1024 325 
1292 17 1023 507 
1293 18 1025 332 
1294 1019 1027 985 
1295 996 1017 995 
1296 976 1017 1004 
1297 994 1018 993 
1298 1021 1027 1005 
1299 980 1019 982 
1300 973 1018 1013 
1301 504 1020 503 
1302 986 1021 989 
1303 1007 1027 1019 
1304 1013 1026 501 
1305 1014 1025 564 
1306 1015 1024 326 
1307 506 1022 505 
1308 325 1024 975 
1309 332 1025 976 
1310 507 1023 977 
1311 570 1026 978 
1312 1016 1023 319 
1313 1028 1031 994 
1314 1010 1029 974 
1315 1010 1030 1029 
1316 1008 1028 967 
1317 1028 1030 967 
1318 1011 1030 1028 
1319 992 1030 1011 
1320 1029 1030 992 
1321 995 1029 992 
1322 1011 1028 994 
1323 967 1030 1010 
1324 1008 1031 1028 
1325 978 1031 1008 
1326 976 1025 1014 
1327 975 1024 1015 
1328 978 1026 1013 
1329 995 1032 1029 
1330 1029 1032 974 
1331 977 1023 1016 
1332 974 1032 1014 
1333 994 1031 1018 
1334 1017 1032 995 
2 9 2 162
1335 1069 1081 1039 
1336 1034 1073 1062 
1337 1040 1063 1059 
1338 1039 1088 1069 
1339 1062 1086 1034 
1340 1040 1087 1063 
1341 1044 1067 1065 
1342 1038 1068 1067 
1343 1065 1089 1044 
1344 1033 1065 1064 
1345 1033 1064 1063 
1346 1049 1074 1066 
1347 1067 1068 1066 
1348 1041 1081 1069 
1349 1071 1088 1077 
1350 1077 1086 1071 
1351 1066 1074 1064 
1352 1066 1068 1049 
1353 1073 1084 1062 
1354 1059 1085 1040 
1355 1065 1066 1064 
1356 1080 1085 1042 
1357 1085 1097 1042 
1358 1077 1088 1039 
1359 1065 1067 1066 
1360 1067 1083 1038 
1361 1055 1070 1062 
1362 1043 1073 366 
1363 1046 1047 1035 
1364 1038 1076 1068 
1365 1042 1072 534 
1366 1045 1069 1046 
1367 1055 1062 1061 
1368 358 1045 1035 
1369 1051 1078 1071 
1370 1045 1046 1035 
1371 1058 1075 1054 
1372 1035 1076 357 
1373 1068 1076 1047 
1374 1052 1070 1055 
1375 1057 1074 1053 
1376 1048 1078 1051 
1377 1054 1056 1053 
1378 1050 1074 1049 
1379 1052 1053 1050 
1380 364 1077 363 
1381 1049 1068 1047 
1382 1056 1057 1053 
1383 1046 1048 1047 
1384 1053 1074 1050 
1385 1051 1070 1052 
1386 1048 1051 1050 
1387 1052 1055 1054 
1388 1041 1045 359 
1389 1036 1079 532 
1390 1047 1076 1035 
1391 1046 1078 1048 
1392 357 1076 356 
1393 359 1045 358 
1394 532 1079 531 
1395 534 1072 533 
1396 358 1035 357 
1397 1056 1059 1057 
1398 367 1043 366 
1399 556 1044 555 
1400 533 1072 1036 
1401 365 1034 364 
1402 1048 1049 1047 
1403 1052 1054 1053 
1404 554 1033 553 
1405 1048 1050 1049 
1406 1041 1069 1045 
1407 363 1077 1039 
1408 531 1079 1037 
1409 356 1076 1038 
1410 363 1039 362 
1411 552 1040 551 
1412 360 1041 359 
1413 535 1042 534 
1414 533 1036 532 
1415 1051 1071 1070 
1416 366 1073 365 
1417 1059 1063 1057 
1418 1064 1074 1057 
1419 1055 1061 1058 
1420 1069 1078 1046 
1421 1056 1075 1060 
1422 1034 1077 364 
1423 365 1073 1034 
1424 531 1037 530 
1425 356 1038 355 
1426 1054 1075 1056 
1427 1056 1060 1059 
1428 1063 1064 1057 
1429 1051 1052 1050 
1430 1055 1058 1054 
1431 1082 1098 1043 
1432 1043 1098 1084 
1433 1034 1086 1077 
1434 362 1081 361 
1435 551 1080 550 
1436 530 1082 529 
1437 1063 1087 1033 
1438 355 1083 354 
1439 1038 1083 355 
1440 1033 1089 1065 
1441 1039 1081 362 
1442 1040 1080 551 
1443 1037 1082 530 
1444 1044 1083 1067 
1445 1070 1086 1062 
1446 1033 1087 553 
1447 552 1087 1040 
1448 1069 1088 1078 
1449 1044 1089 555 
1450 554 1089 1033 
1451 361 1093 9 
1452 550 1090 38 
1453 9 1093 360 
1454 38 1090 535 
1455 354 1091 21 
1456 529 1092 22 
1457 21 1091 556 
1458 22 1092 367 
1459 1043 1084 1073 
1460 1062 1084 1061 
1461 1060 1085 1059 
1462 1040 1085 1080 
1463 1071 1086 1070 
1464 553 1087 552 
1465 1078 1088 1071 
1466 1081 1093 361 
1467 1080 1090 550 
1468 1082 1092 529 
1469 555 1089 554 
1470 535 1090 1042 
1471 367 1092 1043 
1472 556 1091 1044 
1473 360 1093 1041 
1474 1083 1091 354 
1475 1094 1097 1060 
1476 1095 1096 1079 
1477 1058 1096 1095 
1478 1072 1094 1036 
1479 1079 1096 1037 
1480 1075 1094 1060 
1481 1036 1095 1079 
1482 1061 1096 1058 
1483 1058 1095 1075 
1484 1094 1095 1036 
1485 1075 1095 1094 
1486 1072 1097 1094 
1487 1042 1097 1072 
1488 1043 1092 1082 
1489 1041 1093 1081 
1490 1042 1090 1080 
1491 1061 1098 1096 
1492 1096 1098 1037 
1493 1044 1091 1083 
1494 1037 1098 1082 
1495 1060 1097 1085 
1496 1084 1098 1061 
2 10 2 162
1497 1128 1136 1100 
1498 1104 1129 1125 
1499 1100 1137 1128 
1500 1106 1152 1146 
1501 1127 1152 1106 
1502 1104 1153 1129 
1503 1109 1133 1131 
1504 247 1137 246 
1505 1128 1150 1136 
1506 1103 1134 1133 
1507 1131 1154 1109 
1508 1102 1131 1130 
1509 1102 1130 1129 
1510 1115 1142 1132 
1511 1133 1134 1132 
1512 1108 1137 247 
1513 246 1137 1100 
1514 1107 1145 1141 
1515 1132 1142 1130 
1516 1132 1134 1115 
1517 1145 1164 1141 
1518 1125 1151 1104 
1519 1131 1132 1130 
1520 1147 1151 1110 
1521 1151 1163 1110 
1522 1131 1133 1132 
1523 1133 1148 1103 
1524 1119 1142 1116 
1525 1123 1142 1119 
1526 1116 1142 1115 
1527 1107 1141 1140 
1528 1115 1134 1112 
1529 240 1140 239 
1530 1130 1142 1123 
1531 239 1140 1099 
1532 237 1111 1103 
1533 1125 1129 1123 
1534 1107 1140 240 
1535 1114 1115 1112 
1536 238 1111 237 
1537 1129 1130 1123 
1538 1118 1120 1119 
1539 253 1139 1101 
1540 1099 1111 238 
1541 1099 1113 1112 
1542 1111 1134 1103 
1543 1113 1114 1112 
1544 239 1099 238 
1545 246 1100 245 
1546 253 1101 252 
1547 260 1102 259 
1548 1100 1136 1135 
1549 1114 1116 1115 
1550 1112 1134 1111 
1551 237 1103 236 
1552 244 1105 243 
1553 251 1106 250 
1554 258 1104 257 
1555 241 1107 240 
1556 248 1108 247 
1557 255 1110 254 
1558 262 1109 261 
1559 1117 1118 1116 
1560 244 1135 1105 
1561 251 1138 1106 
1562 1114 1117 1116 
1563 1118 1121 1120 
1564 1122 1123 1119 
1565 1100 1135 245 
1566 1110 1139 254 
1567 1118 1119 1116 
1568 1101 1138 252 
1569 254 1139 253 
1570 1099 1112 1111 
1571 1120 1122 1119 
1572 1121 1128 1127 
1573 245 1135 244 
1574 1122 1125 1123 
1575 252 1138 251 
1576 1099 1140 1113 
1577 1121 1124 1120 
1578 1121 1127 1124 
1579 1140 1141 1113 
1580 1122 1126 1125 
1581 1120 1144 1122 
1582 1122 1144 1126 
1583 1113 1143 1114 
1584 1114 1143 1117 
1585 1124 1144 1120 
1586 1141 1143 1113 
1587 243 1145 242 
1588 250 1146 249 
1589 257 1147 256 
1590 1136 1149 1135 
1591 1129 1153 1102 
1592 1117 1150 1118 
1593 1121 1150 1128 
1594 236 1148 235 
1595 1103 1148 236 
1596 1102 1154 1131 
1597 1104 1147 257 
1598 1105 1145 243 
1599 1106 1146 250 
1600 1109 1148 1133 
1601 1146 1152 1108 
1602 258 1153 1104 
1603 1102 1153 259 
1604 1137 1152 1128 
1605 1135 1149 1105 
1606 260 1154 1102 
1607 1109 1154 261 
1608 1128 1152 1127 
1609 8 1158 255 
1610 235 1156 5 
1611 256 1158 8 
1612 5 1156 262 
1613 242 1155 6 
1614 6 1155 241 
1615 249 1157 7 
1616 7 1157 248 
1617 1118 1150 1121 
1618 1126 1151 1125 
1619 1106 1160 1127 
1620 1141 1164 1143 
1621 1117 1159 1150 
1622 1105 1164 1145 
1623 1108 1152 1137 
1624 1104 1151 1147 
1625 259 1153 258 
1626 1143 1164 1149 
1627 1143 1159 1117 
1628 1150 1159 1136 
1629 1145 1155 242 
1630 1146 1157 249 
1631 1147 1158 256 
1632 261 1154 260 
1633 255 1158 1110 
1634 262 1156 1109 
1635 248 1157 1108 
1636 241 1155 1107 
1637 1136 1159 1149 
1638 1148 1156 235 
1639 1149 1159 1143 
1640 1162 1163 1126 
1641 1139 1162 1101 
1642 1138 1160 1106 
1643 1101 1161 1138 
1644 1127 1160 1124 
1645 1101 1162 1161 
1646 1161 1162 1144 
1647 1144 1162 1126 
1648 1124 1161 1144 
1649 1138 1161 1160 
1650 1160 1161 1124 
1651 1139 1163 1162 
1652 1110 1163 1139 
1653 1108 1157 1146 
1654 1107 1155 1145 
1655 1110 1158 1147 
1656 1109 1156 1148 
1657 1149 1164 1105 
1658 1126 1163 1151 
2 11 2 162
1659 1210 1213 1170 
1660 1169 1195 1191 
1661 1166 1204 1194 
1662 1170 1220 1210 
1663 1194 1219 1166 
1664 1169 1218 1195 
1665 1176 1199 1197 
1666 1171 1200 1199 
1667 1197 1221 1176 
1668 1168 1197 1196 
1669 1168 1196 1195 
1670 1181 1207 1198 
1671 1199 1200 1198 
1672 1174 1213 1210 
1673 1202 1220 1206 
1674 1206 1219 1202 
1675 1198 1207 1196 
1676 1198 1200 1181 
1677 1204 1216 1194 
1678 1191 1217 1169 
1679 1197 1198 1196 
1680 1212 1217 1173 
1681 1217 1229 1173 
1682 1206 1220 1170 
1683 1197 1199 1198 
1684 1199 1215 1171 
1685 1179 1203 1180 
1686 1182 1207 1181 
1687 1181 1200 1178 
1688 1185 1207 1182 
1689 1180 1203 1183 
1690 1209 1210 1179 
1691 1174 1210 1209 
1692 1173 1205 352 
1693 1183 1203 1202 
1694 1187 1201 1194 
1695 335 1177 1171 
1696 349 1208 1172 
1697 1188 1189 1185 
1698 1165 1179 1178 
1699 1183 1201 1184 
1700 1187 1193 1190 
1701 336 1177 335 
1702 1189 1207 1185 
1703 1165 1177 336 
1704 350 1208 349 
1705 1167 1208 350 
1706 352 1205 351 
1707 1179 1180 1178 
1708 1183 1202 1201 
1709 1196 1207 1189 
1710 1184 1186 1185 
1711 1184 1201 1187 
1712 351 1205 1167 
1713 346 1175 345 
1714 563 1176 562 
1715 1177 1200 1171 
1716 1178 1200 1177 
1717 344 1204 1166 
1718 337 1165 336 
1719 339 1174 338 
1720 351 1167 350 
1721 353 1173 352 
1722 1195 1196 1189 
1723 1180 1182 1181 
1724 344 1166 343 
1725 1175 1204 345 
1726 561 1168 560 
1727 1179 1210 1203 
1728 1186 1188 1185 
1729 1184 1185 1182 
1730 335 1171 334 
1731 349 1172 348 
1732 342 1170 341 
1733 559 1169 558 
1734 1180 1181 1178 
1735 1191 1195 1189 
1736 1184 1187 1186 
1737 1180 1183 1182 
1738 1187 1194 1193 
1739 1183 1184 1182 
1740 1188 1192 1191 
1741 343 1206 342 
1742 342 1206 1170 
1743 1187 1190 1186 
1744 1188 1191 1189 
1745 337 1209 1165 
1746 1174 1209 338 
1747 1165 1209 1179 
1748 1165 1178 1177 
1749 1166 1206 343 
1750 345 1204 344 
1751 338 1209 337 
1752 1190 1211 1186 
1753 1186 1211 1188 
1754 1188 1211 1192 
1755 1214 1230 1175 
1756 1175 1230 1216 
1757 1166 1219 1206 
1758 558 1212 557 
1759 341 1213 340 
1760 348 1214 347 
1761 1195 1218 1168 
1762 334 1215 333 
1763 1171 1215 334 
1764 1168 1221 1197 
1765 1169 1212 558 
1766 1172 1214 348 
1767 1170 1213 341 
1768 1176 1215 1199 
1769 559 1218 1169 
1770 1168 1218 560 
1771 1201 1219 1194 
1772 1210 1220 1203 
1773 1176 1221 562 
1774 561 1221 1168 
1775 21 1223 353 
1776 557 1223 21 
1777 333 1224 18 
1778 347 1225 20 
1779 18 1224 563 
1780 20 1225 346 
1781 340 1222 19 
1782 19 1222 339 
1783 1194 1216 1193 
1784 1175 1216 1204 
1785 1192 1217 1191 
1786 1169 1217 1212 
1787 560 1218 559 
1788 1202 1219 1201 
1789 1203 1220 1202 
1790 1213 1222 340 
1791 1212 1223 557 
1792 1214 1225 347 
1793 562 1221 561 
1794 353 1223 1173 
1795 339 1222 1174 
1796 346 1225 1175 
1797 563 1224 1176 
1798 1215 1224 333 
1799 1228 1229 1192 
1800 1190 1227 1226 
1801 1226 1227 1208 
1802 1208 1227 1172 
1803 1193 1227 1190 
1804 1167 1226 1208 
1805 1205 1228 1167 
1806 1226 1228 1211 
1807 1167 1228 1226 
1808 1190 1226 1211 
1809 1211 1228 1192 
1810 1205 1229 1228 
1811 1173 1229 1205 
1812 1174 1222 1213 
1813 1175 1225 1214 
1814 1173 1223 1212 
1815 1193 1230 1227 
1816 1227 1230 1172 
1817 1176 1224 1215 
1818 1172 1230 1214 
1819 1192 1229 1217 
1820 1216 1230 1193 
2 12 2 162
1821 1260 1269 1232 
1822 1235 1261 1257 
1823 1232 1270 1260 
1824 1237 1284 1279 
1825 1259 1284 1237 
1826 1235 1285 1261 
1827 1240 1265 1263 
1828 275 1270 274 
1829 1260 1282 1269 
1830 1238 1267 1265 
1831 1263 1286 1240 
1832 1234 1263 1262 
1833 1234 1262 1261 
1834 1247 1276 1264 
1835 1265 1267 1264 
1836 1239 1270 275 
1837 274 1270 1232 
1838 1241 1277 1272 
1839 1264 1276 1262 
1840 1264 1267 1247 
1841 1257 1283 1235 
1842 1272 1296 1241 
1843 1263 1264 1262 
1844 1278 1283 1242 
1845 1283 1295 1242 
1846 1263 1265 1264 
1847 1265 1280 1238 
1848 1254 1266 1258 
1849 1252 1266 1254 
1850 1268 1271 1236 
1851 1271 1272 1236 
1852 1232 1269 1268 
1853 1256 1266 1252 
1854 265 1243 1238 
1855 1231 1245 1244 
1856 273 1268 272 
1857 1232 1268 273 
1858 266 1243 265 
1859 280 1274 279 
1860 268 1275 267 
1861 1241 1275 268 
1862 1269 1271 1268 
1863 1250 1251 1248 
1864 1252 1254 1251 
1865 1249 1250 1248 
1866 1254 1258 1257 
1867 1253 1256 1252 
1868 1231 1243 266 
1869 272 1268 1236 
1870 1255 1276 1251 
1871 1233 1274 280 
1872 1254 1257 1255 
1873 267 1231 266 
1874 281 1233 280 
1875 282 1273 281 
1876 288 1234 287 
1877 265 1238 264 
1878 279 1237 278 
1879 1244 1267 1243 
1880 1250 1252 1251 
1881 279 1274 1237 
1882 1246 1248 1247 
1883 269 1241 268 
1884 274 1232 273 
1885 283 1242 282 
1886 290 1240 289 
1887 1254 1255 1251 
1888 1253 1259 1256 
1889 1257 1261 1255 
1890 1247 1267 1244 
1891 1251 1276 1248 
1892 1250 1253 1252 
1893 1246 1249 1248 
1894 276 1239 275 
1895 1231 1244 1243 
1896 1246 1247 1244 
1897 267 1275 1231 
1898 281 1273 1233 
1899 1243 1267 1238 
1900 1242 1273 282 
1901 272 1236 271 
1902 286 1235 285 
1903 1262 1276 1255 
1904 1245 1246 1244 
1905 1261 1262 1255 
1906 1231 1275 1245 
1907 1253 1260 1259 
1908 1248 1276 1247 
1909 271 1277 270 
1910 285 1278 284 
1911 278 1279 277 
1912 1272 1277 1236 
1913 1271 1281 1272 
1914 1246 1281 1249 
1915 1261 1285 1234 
1916 1249 1282 1250 
1917 1253 1282 1260 
1918 264 1280 263 
1919 1238 1280 264 
1920 1234 1286 1263 
1921 1235 1278 285 
1922 1236 1277 271 
1923 1237 1279 278 
1924 1240 1280 1265 
1925 1279 1284 1239 
1926 286 1285 1235 
1927 1234 1285 287 
1928 1270 1284 1260 
1929 1245 1281 1246 
1930 1240 1286 289 
1931 288 1286 1234 
1932 1260 1284 1259 
1933 9 1288 290 
1934 263 1288 9 
1935 12 1290 283 
1936 284 1290 12 
1937 270 1289 10 
1938 10 1289 269 
1939 277 1287 11 
1940 11 1287 276 
1941 1241 1296 1275 
1942 1250 1282 1253 
1943 1281 1296 1272 
1944 1258 1283 1257 
1945 1237 1293 1259 
1946 1281 1292 1249 
1947 1245 1296 1281 
1948 1239 1284 1270 
1949 1235 1283 1278 
1950 1249 1292 1282 
1951 287 1285 286 
1952 1271 1292 1281 
1953 1277 1289 270 
1954 1279 1287 277 
1955 1278 1290 284 
1956 289 1286 288 
1957 283 1290 1242 
1958 290 1288 1240 
1959 269 1289 1241 
1960 276 1287 1239 
1961 1282 1292 1269 
1962 1280 1288 263 
1963 1291 1295 1258 
1964 1266 1291 1258 
1965 1291 1294 1233 
1966 1266 1294 1291 
1967 1259 1293 1256 
1968 1233 1294 1274 
1969 1273 1291 1233 
1970 1256 1294 1266 
1971 1274 1293 1237 
1972 1269 1292 1271 
1973 1274 1294 1293 
1974 1293 1294 1256 
1975 1273 1295 1291 
1976 1242 1295 1273 
1977 1275 1296 1245 
1978 1239 1287 1279 
1979 1241 1289 1277 
1980 1242 1290 1278 
1981 1240 1288 1280 
1982 1258 1295 1283 
2 13 2 162
1983 1332 1343 1302 
1984 1302 1336 1332 
1985 1299 1333 1326 
1986 1303 1327 1323 
1987 1326 1334 1299 
1988 1303 1350 1327 
1989 497 1335 496 
1990 1307 1331 1329 
1991 1301 1338 1331 
1992 1329 1352 1307 
1993 496 1335 1302 
1994 1299 1335 497 
1995 1297 1329 1328 
1996 1297 1328 1327 
1997 1313 1339 1330 
1998 1331 1338 1330 
1999 1305 1343 1332 
2000 1334 1335 1299 
2001 1330 1339 1328 
2002 1330 1338 1313 
2003 1334 1357 1335 
2004 1335 1357 1336 
2005 1333 1347 1326 
2006 1323 1348 1303 
2007 1329 1330 1328 
2008 1344 1348 1308 
2009 1348 1361 1308 
2010 1336 1349 1332 
2011 1335 1336 1302 
2012 1329 1331 1330 
2013 1331 1346 1301 
2014 414 1309 1298 
2015 498 1333 1299 
2016 547 1337 1300 
2017 1305 1309 415 
2018 1306 1333 499 
2019 1308 1337 548 
2020 1338 1340 1311 
2021 1320 1323 1321 
2022 1318 1320 1317 
2023 1319 1322 1318 
2024 1319 1326 1325 
2025 1305 1332 1309 
2026 1316 1317 1314 
2027 1322 1342 1318 
2028 1320 1321 1317 
2029 1319 1325 1322 
2030 1313 1338 1311 
2031 416 1305 415 
2032 500 1306 499 
2033 542 1307 541 
2034 549 1308 548 
2035 413 1340 412 
2036 546 1341 545 
2037 1309 1332 1310 
2038 1321 1339 1317 
2039 1327 1328 1321 
2040 1310 1312 1311 
2041 1314 1339 1313 
2042 1318 1342 1320 
2043 1328 1339 1321 
2044 1309 1310 1298 
2045 1301 1340 1338 
2046 415 1309 414 
2047 499 1333 498 
2048 548 1337 547 
2049 414 1298 413 
2050 498 1299 497 
2051 540 1297 539 
2052 547 1300 546 
2053 545 1341 1304 
2054 412 1340 1301 
2055 1300 1341 546 
2056 412 1301 411 
2057 1298 1340 413 
2058 496 1302 495 
2059 538 1303 537 
2060 545 1304 544 
2061 1310 1311 1298 
2062 1312 1313 1311 
2063 1320 1324 1323 
2064 1316 1318 1317 
2065 1323 1327 1321 
2066 1316 1319 1318 
2067 1311 1340 1298 
2068 1312 1315 1314 
2069 1317 1339 1314 
2070 1320 1342 1324 
2071 1312 1314 1313 
2072 1315 1316 1314 
2073 1326 1351 1334 
2074 1345 1362 1306 
2075 1306 1362 1347 
2076 495 1343 494 
2077 537 1344 536 
2078 544 1345 543 
2079 1327 1350 1297 
2080 411 1346 410 
2081 1301 1346 411 
2082 1297 1352 1329 
2083 1302 1343 495 
2084 1303 1344 537 
2085 1304 1345 544 
2086 1315 1357 1351 
2087 1307 1346 1331 
2088 1312 1349 1315 
2089 1332 1349 1310 
2090 538 1350 1303 
2091 1297 1350 539 
2092 1319 1351 1326 
2093 1315 1351 1316 
2094 540 1352 1297 
2095 1307 1352 541 
2096 410 1353 28 
2097 494 1354 29 
2098 543 1355 37 
2099 536 1356 38 
2100 28 1353 542 
2101 29 1354 416 
2102 37 1355 500 
2103 38 1356 549 
2104 1349 1357 1315 
2105 1306 1347 1333 
2106 1326 1347 1325 
2107 1324 1348 1323 
2108 1351 1357 1334 
2109 1310 1349 1312 
2110 1303 1348 1344 
2111 539 1350 538 
2112 1316 1351 1319 
2113 1336 1357 1349 
2114 1343 1354 494 
2115 1344 1356 536 
2116 1345 1355 543 
2117 541 1352 540 
2118 416 1354 1305 
2119 500 1355 1306 
2120 542 1353 1307 
2121 549 1356 1308 
2122 1346 1353 410 
2123 1359 1361 1324 
2124 1341 1358 1304 
2125 1342 1359 1324 
2126 1325 1358 1322 
2127 1359 1360 1300 
2128 1342 1360 1359 
2129 1337 1359 1300 
2130 1322 1360 1342 
2131 1300 1360 1341 
2132 1358 1360 1322 
2133 1341 1360 1358 
2134 1337 1361 1359 
2135 1308 1361 1337 
2136 1305 1354 1343 
2137 1306 1355 1345 
2138 1308 1356 1344 
2139 1325 1362 1358 
2140 1358 1362 1304 
2141 1307 1353 1346 
2142 1304 1362 1345 
2143 1324 1361 1348 
2144 1347 1362 1325 
2 14 2 4850
2145 2758 3227 2275 
2146 1437 2412 2411 
2147 1438 2416 2415 
2148 1498 2927 2811 
2149 2811 2927 2799 
2150 2847 3157 1646 
2151 1437 3305 2412 
2152 1438 3304 2416 
2153 2305 3157 2847 
2154 1439 2424 2423 
2155 2337 2474 1503 
2156 249 2431 1425 
2157 1439 3309 2424 
2158 2636 2982 2221 
2159 94 3149 93 
2160 1474 2392 2391 
2161 2428 2875 2115 
2162 2130 3017 2529 
2163 1402 3142 2800 
2164 470 2760 471 
2165 3030 3297 3140 
2166 1988 2844 2536 
2167 2536 2844 2323 
2168 1363 3376 3189 
2169 2136 2377 1983 
2170 92 2410 1398 
2171 2492 2493 1597 
2172 2493 2494 1597 
2173 1877 3136 2972 
2174 1876 3137 2971 
2175 1878 3138 2974 
2176 2323 2844 1481 
2177 1604 2466 2465 
2178 1481 2812 2323 
2179 2335 2669 1611 
2180 2798 2841 1622 
2181 3135 3254 2927 
2182 2927 3254 2799 
2183 1604 2465 2464 
2184 1481 2867 2812 
2185 2812 2867 2328 
2186 2832 2842 1624 
2187 2362 2726 2142 
2188 2241 2389 2136 
2189 2640 3092 2595 
2190 2328 2867 1706 
2191 1706 2897 2328 
2192 2529 3017 2467 
2193 452 2506 1424 
2194 1398 2410 2356 
2195 3156 3227 2758 
2196 2428 3146 2875 
2197 2760 3194 1427 
2198 2800 3302 1402 
2199 2972 3325 1877 
2200 2971 3324 1876 
2201 1503 2473 2337 
2202 2974 3329 1878 
2203 2354 2370 1594 
2204 3300 3391 2259 
2205 2343 3391 3300 
2206 93 3149 2410 
2207 1688 2461 2400 
2208 1427 3194 2501 
2209 1430 2429 248 
2210 2646 3190 2262 
2211 2496 2988 2131 
2212 93 2410 92 
2213 1622 3332 2798 
2214 2260 3184 2639 
2215 2368 2732 2009 
2216 2369 2735 2010 
2217 2426 3105 1433 
2218 3128 3271 2897 
2219 2144 3189 2963 
2220 2414 3111 1431 
2221 2418 3109 1432 
2222 1706 3128 2897 
2223 2129 3093 3088 
2224 3140 3297 2650 
2225 1995 2890 2680 
2226 1584 3383 2528 
2227 2407 2475 1833 
2228 2405 2458 1832 
2229 2595 3330 2640 
2230 2528 3180 1584 
2231 1576 3029 2625 
2232 1596 2383 2382 
2233 2963 3189 2314 
2234 3088 3093 2691 
2235 2329 2871 1500 
2236 2331 2845 1502 
2237 2364 2429 1430 
2238 248 2429 7 
2239 2333 2850 1501 
2240 2431 2432 1425 
2241 1991 2693 2144 
2242 2806 2843 1623 
2243 1606 2386 2385 
2244 1607 2388 2387 
2245 2625 3029 2606 
2246 3172 3443 2251 
2247 1971 3104 1969 
2248 1363 3189 2721 
2249 2068 3014 2467 
2250 2358 2961 2174 
2251 2495 2988 2496 
2252 33 2506 452 
2253 1423 3097 2296 
2254 1396 2393 2355 
2255 1463 2384 2383 
2256 2296 3447 1423 
2257 2673 3438 2486 
2258 1433 3106 2426 
2259 2448 2917 1645 
2260 1431 3112 2414 
2261 1432 3110 2418 
2262 1624 3294 2832 
2263 1594 2813 2354 
2264 2050 2485 2349 
2265 1967 2507 2119 
2266 2349 3394 2050 
2267 2601 3448 2600 
2268 2470 2760 470 
2269 3106 3155 2535 
2270 1482 3080 2386 
2271 1483 3081 2388 
2272 1474 3261 2392 
2273 1815 2428 2115 
2274 1447 2451 2450 
2275 3046 3448 2601 
2276 2495 2995 1961 
2277 2241 3177 2389 
2278 2356 2401 1398 
2279 3112 3150 2533 
2280 3110 3151 2531 
2281 1780 3228 2344 
2282 1404 2855 2809 
2283 1815 3229 2428 
2284 1430 2433 2364 
2285 2355 2483 1396 
2286 1835 3139 3047 
2287 2579 3140 2650 
2288 2494 2496 1416 
2289 2344 3200 1780 
2290 1623 3361 2806 
2291 1995 3303 2890 
2292 3189 3376 2314 
2293 2167 2770 2447 
2294 2650 3472 2579 
2295 1442 2453 2375 
2296 2085 2984 2813 
2297 2709 3161 2725 
2298 1433 3155 3106 
2299 2468 2982 2636 
2300 2696 3167 1429 
2301 1611 3253 2335 
2302 2612 3384 279 
2303 279 3225 2612 
2304 1592 2635 2468 
2305 1432 3151 3110 
2306 1431 3150 3112 
2307 2965 3443 3172 
2308 7 2431 249 
2309 2136 3221 2377 
2310 2639 3260 2260 
2311 1969 3104 2507 
2312 1396 2520 2393 
2313 1418 2529 2466 
2314 1469 3266 2390 
2315 1500 3307 2329 
2316 1502 3308 2331 
2317 1688 3280 2461 
2318 2475 3301 1833 
2319 1463 3477 2384 
2320 1501 3311 2333 
2321 1704 2463 2395 
2322 2262 3252 2646 
2323 1440 2524 2378 
2324 2401 2537 1398 
2325 2458 3285 1832 
2326 1647 3164 2476 
2327 3211 3313 401 
2328 1429 3386 2696 
2329 468 2453 1442 
2330 2486 2934 2673 
2331 1447 3364 2451 
2332 2395 2520 1704 
2333 2381 2526 1444 
2334 3030 3140 1808 
2335 3047 3381 1835 
2336 2468 2635 2365 
2337 2375 2469 1442 
2338 1416 3299 2494 
2339 2158 2693 1991 
2340 1645 3333 2448 
2341 471 2760 1427 
2342 2221 3181 2636 
2343 2478 2480 1640 
2344 2506 2507 1424 
2345 1969 2507 1967 
2346 1646 3157 2459 
2347 2645 3337 1418 
2348 467 2453 468 
2349 462 2776 463 
2350 1701 2537 2403 
2351 2749 2750 2603 
2352 2403 2491 1701 
2353 2476 3075 1647 
2354 2606 3029 1808 
2355 2558 2882 2716 
2356 2174 3320 2358 
2357 2726 2885 2142 
2358 3103 3483 3433 
2359 2365 2635 1395 
2360 2459 3095 1646 
2361 2809 3322 1404 
2362 1601 3438 2673 
2363 2308 3334 2131 
2364 2379 3211 1462 
2365 2604 3101 1488 
2366 2142 3269 2362 
2367 2466 3312 1418 
2368 3433 3483 2342 
2369 1428 3321 3316 
2370 2244 3187 2359 
2371 1704 3123 2463 
2372 2427 3338 2361 
2373 3316 3321 2614 
2374 2467 3014 2465 
2375 2350 2887 1580 
2376 2352 2888 1579 
2377 2119 2507 2506 
2378 3123 3423 2463 
2379 245 2437 246 
2380 2361 3338 3336 
2381 2668 2669 2335 
2382 1385 3248 2965 
2383 78 3276 77 
2384 2380 3313 3211 
2385 2156 3371 2398 
2386 2153 3372 2399 
2387 1808 3140 2606 
2388 2360 3168 1609 
2389 2403 2537 2401 
2390 454 2522 455 
2391 2359 3434 2244 
2392 2377 3212 1983 
2393 2467 3017 2068 
2394 2433 3041 2918 
2395 2393 2520 2395 
2396 2009 3272 2368 
2397 2010 3273 2369 
2398 2493 2995 2495 
2399 1488 3530 2604 
2400 2914 3341 1683 
2401 2910 3340 1684 
2402 1683 3293 2914 
2403 1684 3292 2910 
2404 2222 2469 2224 
2405 2362 2513 1713 
2406 2369 2701 1677 
2407 2753 3289 2181 
2408 1598 3149 94 
2409 1596 3251 2383 
2410 2725 3161 1395 
2411 1609 3467 2360 
2412 3213 3267 2376 
2413 2725 3281 2709 
2414 2491 3125 1701 
2415 1832 2459 2405 
2416 132 2483 131 
2417 1602 3190 2646 
2418 1427 2501 2500 
2419 2432 2472 2059 
2420 3175 3216 1718 
2421 3176 3217 1719 
2422 2087 3437 2655 
2423 1606 3256 2386 
2424 1607 3257 2388 
2425 3375 3395 2624 
2426 469 2470 470 
2427 2901 3149 1598 
2428 2655 3452 2087 
2429 1462 3382 2379 
2430 3173 3214 1882 
2431 2491 3435 3125 
2432 1640 3362 2478 
2433 2391 3108 1474 
2434 1708 3134 3070 
2435 2447 3317 2167 
2436 1833 2476 2407 
2437 1961 2988 2495 
2438 1982 3391 2441 
2439 1395 3161 2365 
2440 2382 3197 1596 
2441 2623 3375 2624 
2442 1472 2839 2461 
2443 2458 2839 1472 
2444 2411 2413 1437 
2445 2415 2417 1438 
2446 2639 3184 1605 
2447 1899 2700 2438 
2448 2263 3376 3374 
2449 2385 3202 1606 
2450 2387 3203 1607 
2451 2681 3449 3319 
2452 2275 3218 2758 
2453 1575 3267 3213 
2454 2273 2926 2268 
2455 2813 2984 2354 
2456 2423 2425 1439 
2457 2750 3310 2592 
2458 2388 3257 1483 
2459 2386 3256 1482 
2460 2383 3251 1463 
2461 2389 3221 2136 
2462 1598 3485 2901 
2463 1906 2699 2442 
2464 1913 2698 2444 
2465 2909 2910 1768 
2466 2913 2914 1769 
2467 3319 3449 2245 
2468 3076 3080 1482 
2469 3077 3081 1483 
2470 2434 2436 1441 
2471 2942 3198 2340 
2472 2378 3355 1440 
2473 2406 3283 1682 
2474 3374 3376 2720 
2475 2732 3209 2009 
2476 2735 3210 2010 
2477 2678 3266 1469 
2478 2131 3334 2496 
2479 1580 3396 2350 
2480 1579 3397 2352 
2481 1839 2782 1841 
2482 2085 2813 2355 
2483 1389 3258 3255 
2484 3255 3258 2487 
2485 2978 3035 2783 
2486 2523 2677 2011 
2487 3262 3310 2638 
2488 2429 2430 7 
2489 2965 3248 2288 
2490 2601 3310 3262 
2491 2345 3145 2346 
2492 3290 3298 2748 
2493 2398 3044 2156 
2494 2399 3045 2153 
2495 2747 3290 2748 
2496 1550 2447 2446 
2497 1443 3351 2618 
2498 2141 3104 1971 
2499 2390 3243 1469 
2500 3059 3323 2609 
2501 1430 3041 2433 
2502 1444 3360 2381 
2503 1426 3420 2611 
2504 2611 3225 1426 
2505 2710 3117 2210 
2506 3277 3284 2409 
2507 2409 3284 2408 
2508 2420 3286 3279 
2509 2422 3287 3278 
2510 1441 2437 245 
2511 2421 3287 2422 
2512 2419 3286 2420 
2513 2477 2478 1473 
2514 2475 2477 1473 
2515 1597 3153 2492 
2516 2400 3147 1688 
2517 1588 2776 462 
2518 2618 3348 1443 
2519 3119 3246 2743 
2520 3118 3245 2741 
2521 2224 2469 2375 
2522 2440 2523 1451 
2523 2088 2518 2433 
2524 2522 3020 2141 
2525 2233 2469 2222 
2526 455 2522 1451 
2527 2344 3228 2306 
2528 2433 2518 2364 
2529 3114 3238 2736 
2530 2800 3142 2294 
2531 2530 2531 1765 
2532 2532 2533 1766 
2533 2428 3229 2307 
2534 2882 3446 2716 
2535 2778 3122 2163 
2536 1713 2513 2264 
2537 2266 3102 2374 
2538 2471 2786 1415 
2539 3336 3392 2361 
2540 2008 3315 2828 
2541 2531 2937 1765 
2542 2533 2938 1766 
2543 2534 2535 1764 
2544 1841 2782 2479 
2545 1394 3392 3336 
2546 2480 3208 2481 
2547 2340 3451 2942 
2548 2787 3057 3049 
2549 3070 3462 1708 
2550 2535 2935 1764 
2551 131 2483 1594 
2552 1396 2483 132 
2553 77 3276 3090 
2554 2259 3391 1982 
2555 2413 3216 3175 
2556 2417 3217 3176 
2557 1441 2521 2434 
2558 2918 3041 2437 
2559 2446 2448 1550 
2560 2693 3398 2144 
2561 2471 3021 2173 
2562 2786 2787 1415 
2563 2603 3068 2749 
2564 2857 3302 2823 
2565 2425 3214 3173 
2566 2943 3236 2718 
2567 2776 3261 463 
2568 1451 2522 2440 
2569 2493 2495 2494 
2570 1418 3337 2529 
2571 2466 2467 2465 
2572 1677 2701 1868 
2573 2464 3152 1604 
2574 2729 3371 2156 
2575 2727 3372 2153 
2576 1442 2470 469 
2577 1415 3021 2471 
2578 2684 3234 2944 
2579 3116 3448 3037 
2580 2972 3136 2864 
2581 2971 3137 2863 
2582 2633 3073 2574 
2583 2974 3138 2854 
2584 3060 3062 1551 
2585 2449 3062 3060 
2586 2372 3495 2488 
2587 1440 2525 2524 
2588 2450 2452 1447 
2589 2210 3479 2710 
2590 2137 3114 2311 
2591 2181 3253 2753 
2592 3480 3495 2372 
2593 2530 3056 2021 
2594 2532 3055 2016 
2595 2534 3058 2026 
2596 2750 3306 2603 
2597 3277 3295 1715 
2598 11 3323 3059 
2599 2346 3200 2344 
2600 1716 3296 3279 
2601 1717 3297 3278 
2602 2718 3450 2943 
2603 2944 3454 2684 
2604 3086 3246 3119 
2605 3087 3245 3118 
2606 2273 3475 2926 
2607 2138 3118 2315 
2608 2139 3119 2316 
2609 3082 3238 3114 
2610 2039 3394 2915 
2611 2526 2527 1444 
2612 3065 3070 2169 
2613 2473 3463 1608 
2614 2592 3310 2601 
2615 2440 2677 2523 
2616 2754 3289 2753 
2617 106 3220 3143 
2618 57 3219 3144 
2619 2439 3106 2535 
2620 3145 3528 2346 
2621 134 2520 133 
2622 3006 3073 2630 
2623 1765 3056 2530 
2624 1766 3055 2532 
2625 3020 3104 2141 
2626 2474 2791 1503 
2627 2823 3294 2857 
2628 3049 3057 1757 
2629 2479 2877 1841 
2630 2880 3325 2830 
2631 2879 3324 2829 
2632 2502 2702 2296 
2633 2615 2628 2609 
2634 1764 3058 2534 
2635 2436 2437 1441 
2636 1454 3039 1525 
2637 3102 3477 2374 
2638 2617 3339 2618 
2639 1371 2787 1365 
2640 2766 2950 1544 
2641 2011 2763 2523 
2642 2881 3329 2826 
2643 2778 3482 3122 
2644 2875 3146 1687 
2645 2443 3112 2533 
2646 2445 3110 2531 
2647 1508 3092 2640 
2648 1551 3062 2774 
2649 2271 3383 3072 
2650 3339 3348 2618 
2651 2774 3070 3065 
2652 454 3020 2522 
2653 2509 3428 2162 
2654 2511 3427 2161 
2655 2978 3369 3035 
2656 1843 2782 1839 
2657 2233 2470 2469 
2658 2437 3041 246 
2659 2641 3223 2642 
2660 2389 3177 2317 
2661 2430 3534 2091 
2662 2774 3065 1551 
2663 1625 3042 2763 
2664 2324 3332 2873 
2665 1415 2787 1371 
2666 2167 3127 2770 
2667 1625 3198 2942 
2668 1702 3281 2725 
2669 2516 2918 2436 
2670 3396 3428 2509 
2671 3397 3427 2511 
2672 1608 3468 2473 
2673 2171 3050 1803 
2674 2431 2472 2432 
2675 2468 2636 1592 
2676 2648 3330 2580 
2677 2717 3032 2950 
2678 2091 3484 2430 
2679 2059 3166 2432 
2680 2436 2918 2437 
2681 1757 3057 2449 
2682 200 2669 199 
2683 2409 3295 3277 
2684 2593 2759 2612 
2685 2766 3453 2952 
2686 1611 2669 200 
2687 91 2537 90 
2688 2574 3073 3006 
2689 2782 3208 2480 
2690 1682 3283 2013 
2691 2734 3089 3083 
2692 2763 3042 2523 
2693 2434 2521 2435 
2694 1369 3338 2427 
2695 3279 3296 2420 
2696 3278 3297 2422 
2697 2671 3252 2150 
2698 1574 3116 3037 
2699 2148 3260 2661 
2700 2449 3060 1757 
2701 2381 2940 2338 
2702 2453 3165 2376 
2703 2339 2939 2378 
2704 2828 3315 2367 
2705 2500 3529 1427 
2706 2608 3059 2609 
2707 3169 3193 2188 
2708 2574 3091 2633 
2709 2538 2539 1382 
2710 133 2520 1396 
2711 2119 2506 2504 
2712 2233 2760 2470 
2713 1487 3480 2372 
2714 2228 2499 2498 
2715 2961 3212 2174 
2716 2173 3021 2539 
2717 2144 2963 1992 
2718 2412 3111 2414 
2719 2416 3109 2418 
2720 2615 2686 2628 
2721 1682 3331 2406 
2722 2295 2694 2484 
2723 2271 3072 2380 
2724 2424 3105 2426 
2725 2477 2877 2479 
2726 2228 2502 2499 
2727 1392 2538 1382 
2728 1704 2520 134 
2729 2501 3194 2217 
2730 2482 3040 3025 
2731 2433 2918 2088 
2732 2832 3230 2842 
2733 3114 3496 2311 
2734 2950 3032 1544 
2735 2528 3050 2171 
2736 1939 3159 3098 
2737 3025 3040 1644 
2738 2616 2617 2575 
2739 1506 2489 2488 
2740 3300 3543 2343 
2741 2199 2694 2295 
2742 3094 3148 2046 
2743 2557 2607 2572 
2744 2723 2990 2983 
2745 2563 2616 2575 
2746 2228 2498 2207 
2747 2078 3275 2515 
2748 1958 2503 2000 
2749 2119 2504 2503 
2750 2228 2702 2502 
2751 1377 2539 1375 
2752 2370 3526 1594 
2753 1399 2975 1392 
2754 2371 3519 3099 
2755 2087 3452 3385 
2756 1468 2667 2666 
2757 2610 2759 2593 
2758 2091 2508 2065 
2759 33 3503 2506 
2760 2749 3068 147 
2761 1398 2537 91 
2762 3047 3139 2876 
2763 2607 2608 2572 
2764 2829 3307 2879 
2765 2830 3308 2880 
2766 2915 3394 2349 
2767 3118 3501 2315 
2768 3119 3502 2316 
2769 2597 2608 2607 
2770 2568 2621 2578 
2771 2469 2470 1442 
2772 2599 3039 2941 
2773 3143 3220 2298 
2774 3144 3219 2301 
2775 1996 2723 2519 
2776 2503 2504 2000 
2777 2619 2620 2567 
2778 2723 2893 2519 
2779 2599 2941 2936 
2780 3099 3519 2032 
2781 2826 3311 2881 
2782 2786 3057 2787 
2783 218 2682 1394 
2784 2983 2990 1384 
2785 2941 3039 1454 
2786 243 2521 244 
2787 1510 2657 127 
2788 1468 2666 198 
2789 2585 2610 2593 
2790 2664 3121 2310 
2791 1382 2539 1377 
2792 2521 3061 2435 
2793 1468 2668 2667 
2794 79 2632 1505 
2795 2628 2686 2551 
2796 2251 3443 3314 
2797 2147 2516 2436 
2798 2514 2515 1510 
2799 2369 3273 2701 
2800 2951 3265 2160 
2801 1634 3434 3019 
2802 2632 2633 1505 
2803 2622 2625 2621 
2804 2777 3079 2778 
2805 2565 2619 2567 
2806 3156 3460 2976 
2807 2592 3306 2750 
2808 2497 3108 2140 
2809 2480 2481 1640 
2810 2696 2697 2505 
2811 90 2537 1701 
2812 1392 2975 2538 
2813 2621 2625 2578 
2814 2362 3269 2513 
2815 2081 2516 2147 
2816 2277 3509 2784 
2817 2140 2835 2497 
2818 1384 2990 2482 
2819 2408 3284 1390 
2820 2195 2694 2199 
2821 126 2657 2656 
2822 2631 2632 80 
2823 2505 2697 2000 
2824 2364 2518 2073 
2825 2000 2697 1956 
2826 2746 2748 1386 
2827 1387 3286 2419 
2828 1388 3287 2421 
2829 244 2521 1441 
2830 3066 3509 2277 
2831 2495 2496 2494 
2832 3378 3442 2322 
2833 2012 2763 2011 
2834 2466 2529 2467 
2835 467 3165 2453 
2836 2477 2479 2478 
2837 2343 3172 2251 
2838 2515 3469 2078 
2839 2004 2968 2540 
2840 2430 2431 7 
2841 2150 3497 2671 
2842 1705 2734 2517 
2843 2609 2628 2572 
2844 199 2669 1468 
2845 2600 3448 3116 
2846 2441 3235 1982 
2847 1678 2807 2732 
2848 1676 2808 2735 
2849 2952 3237 2766 
2850 2427 3444 1369 
2851 2653 2654 2652 
2852 2065 2508 2067 
2853 1960 2503 1958 
2854 2207 2498 2209 
2855 2629 2891 2630 
2856 3165 3213 2376 
2857 2570 2607 2557 
2858 2661 3491 2148 
2859 2587 2610 2585 
2860 2482 3025 1384 
2861 1525 3039 1574 
2862 2546 2629 2543 
2863 3071 3447 2484 
2864 1644 3047 2876 
2865 2351 3340 2908 
2866 2353 3341 2912 
2867 2732 2807 2326 
2868 2735 2808 2327 
2869 2355 2813 2483 
2870 126 2656 125 
2871 2514 3489 2370 
2872 2540 2968 2762 
2873 81 2631 80 
2874 156 2740 1666 
2875 159 2737 1554 
2876 169 2746 1386 
2877 2413 3175 3024 
2878 2417 3176 3023 
2879 2527 3148 3094 
2880 1820 2796 1984 
2881 61 2742 1556 
2882 110 2744 1555 
2883 2651 2653 2652 
2884 2519 2896 1996 
2885 2641 2642 1390 
2886 2173 2539 2538 
2887 2660 2661 1507 
2888 1486 2653 2651 
2889 2073 2518 2074 
2890 2778 3079 2627 
2891 1600 2648 2647 
2892 3335 3378 2342 
2893 219 2682 218 
2894 3489 3526 2370 
2895 2578 2625 2606 
2896 1975 2677 2440 
2897 2679 2680 1613 
2898 2704 2711 2710 
2899 2759 3384 2612 
2900 2584 2611 2597 
2901 1503 2791 96 
2902 3072 3383 1584 
2903 1446 2835 1524 
2904 1402 3302 2857 
2905 2543 2629 2542 
2906 2171 3180 2528 
2907 3098 3159 2525 
2908 2053 2526 2381 
2909 2551 2686 2549 
2910 2561 2616 2563 
2911 2626 2925 1703 
2912 2572 2628 2553 
2913 2258 3379 3342 
2914 1930 2684 1860 
2915 2715 2716 2714 
2916 2608 2609 2572 
2917 1976 2677 1975 
2918 2296 2702 2201 
2919 2673 2934 1466 
2920 2504 2505 2000 
2921 1947 2695 2339 
2922 2542 2629 1591 
2923 2787 3049 1365 
2924 127 2657 126 
2925 2123 2429 2364 
2926 2617 2618 2575 
2927 2372 3486 1487 
2928 2265 3424 3298 
2929 80 2632 79 
2930 2472 3488 2059 
2931 2873 3322 2324 
2932 2798 3254 2841 
2933 2336 3361 2872 
2934 2828 3318 2008 
2935 2642 3223 3115 
2936 2452 3193 3169 
2937 198 2666 197 
2938 2517 2733 1705 
2939 2446 2796 2448 
2940 1366 2757 2756 
2941 2201 2702 2202 
2942 2713 2715 2714 
2943 1376 2733 1378 
2944 180 2635 1592 
2945 82 2542 1591 
2946 1605 2645 45 
2947 1487 2634 173 
2948 1600 2647 143 
2949 1416 2637 229 
2950 1715 2638 150 
2951 46 2639 1605 
2952 1602 2646 227 
2953 193 2541 1593 
2954 162 2643 1515 
2955 144 2640 1600 
2956 154 2641 1390 
2957 1593 2644 192 
2958 2683 2684 1933 
2959 2483 2813 1594 
2960 1488 2649 75 
2961 1486 2651 124 
2962 64 2658 1516 
2963 113 2659 1517 
2964 48 2660 1507 
2965 1385 2662 104 
2966 195 2663 1504 
2967 1372 2824 1374 
2968 224 2670 1612 
2969 1369 2690 2689 
2970 2632 3073 2633 
2971 99 2674 1608 
2972 50 2675 1609 
2973 1419 2715 2713 
2974 101 2672 1465 
2975 52 2673 1466 
2976 1967 2119 1964 
2977 1933 2684 1930 
2978 2259 3342 3300 
2979 3040 3047 1644 
2980 222 2678 1469 
2981 2497 2835 1446 
2982 2882 2981 2576 
2983 1877 3325 2880 
2984 1876 3324 2879 
2985 2050 2486 2485 
2986 2213 2231 2215 
2987 2071 2123 2073 
2988 1504 3162 2541 
2989 220 2679 1613 
2990 2425 3173 2979 
2991 1464 2825 2824 
2992 2613 2616 2561 
2993 1417 2711 2703 
2994 1768 3346 2909 
2995 1769 3345 2913 
2996 1381 2754 203 
2997 2087 3385 3275 
2998 2703 2711 2704 
2999 2499 2500 2231 
3000 2043 2685 2046 
3001 2440 2522 2141 
3002 2123 2364 2073 
3003 2573 2614 2613 
3004 2712 3541 2165 
3005 3083 3089 1854 
3006 2547 2549 2548 
3007 2593 2612 2611 
3008 2147 2434 2159 
3009 1878 3329 2881 
3010 1366 2756 206 
3011 2375 2453 2376 
3012 2450 2451 2196 
3013 2411 2412 1907 
3014 2415 2416 1914 
3015 2596 2599 2598 
3016 2423 2424 1900 
3017 2443 2533 2532 
3018 2445 2531 2530 
3019 2439 2535 2534 
3020 2217 3540 2501 
3021 2873 3332 1622 
3022 2178 2724 2325 
3023 1369 2689 214 
3024 19 2780 1459 
3025 2584 2597 2582 
3026 2593 2611 2584 
3027 2745 2747 2746 
3028 1397 2543 2542 
3029 1554 2739 2738 
3030 207 2692 1366 
3031 2651 2652 1716 
3032 2649 2650 1717 
3033 2329 3239 2871 
3034 2331 3240 2845 
3035 2077 2088 2079 
3036 1489 2750 2749 
3037 1509 2671 2670 
3038 2079 2516 2081 
3039 1610 2664 2663 
3040 1466 2676 2675 
3041 2192 2450 2196 
3042 2339 2378 1946 
3043 1903 2411 1907 
3044 1910 2415 1914 
3045 2596 2598 2590 
3046 2322 3442 2320 
3047 2053 2381 2338 
3048 1896 2423 1900 
3049 2051 2526 2053 
3050 1419 2713 141 
3051 1417 2703 190 
3052 2219 2233 2222 
3053 1975 2141 1971 
3054 2199 2295 2201 
3055 2554 2573 2559 
3056 15 2688 1457 
3057 201 2753 1611 
3058 2558 2981 2882 
3059 2620 2623 2622 
3060 1506 2490 2489 
3061 2185 2765 2188 
3062 2498 2499 2231 
3063 2623 3351 1443 
3064 2184 2766 2765 
3065 1939 2683 1936 
3066 2224 2375 2235 
3067 2559 2613 2561 
3068 1539 2762 1538 
3069 2081 2147 2083 
3070 3035 3064 2007 
3071 1981 2011 1979 
3072 2563 2575 2565 
3073 2295 2296 2201 
3074 2205 2228 2207 
3075 1956 2697 1953 
3076 2545 2547 2546 
3077 2442 2443 2018 
3078 2444 2445 2023 
3079 1486 2655 2653 
3080 2438 2439 2028 
3081 2451 3071 2484 
3082 204 2755 1381 
3083 1936 2683 1933 
3084 1734 2718 1858 
3085 1471 2896 1401 
3086 2914 3293 1769 
3087 2910 3292 1768 
3088 2567 2621 2568 
3089 1958 2000 1956 
3090 1979 2677 1976 
3091 1635 2717 1700 
3092 2063 2091 2065 
3093 2023 2530 2021 
3094 2018 2532 2016 
3095 1705 2733 1376 
3096 2028 2534 2026 
3097 23 2719 1461 
3098 1984 2796 2446 
3099 2088 2516 2079 
3100 2557 2572 2553 
3101 2549 2554 2548 
3102 2553 2628 2551 
3103 2034 2796 1820 
3104 2235 2895 2225 
3105 1975 2440 2141 
3106 1464 2824 1372 
3107 2074 2518 2077 
3108 2756 2758 2755 
3109 182 2725 1395 
3110 1803 3050 2540 
3111 2547 2548 2546 
3112 2434 2435 2159 
3113 2573 2613 2559 
3114 2165 2904 2712 
3115 1457 2688 1511 
3116 1952 2695 1949 
3117 1949 2695 1947 
3118 2016 3055 2014 
3119 2021 3056 2019 
3120 1700 2717 1874 
3121 2680 2681 1613 
3122 2310 3478 2664 
3123 1549 2883 1641 
3124 1874 2717 2182 
3125 2178 2761 2724 
3126 2583 2584 2582 
3127 2375 2376 2235 
3128 2147 2159 2083 
3129 2184 2765 2185 
3130 1580 2887 1529 
3131 1579 2888 1527 
3132 1858 2718 2041 
3133 2585 2593 2584 
3134 1952 2696 2695 
3135 2333 3241 2850 
3136 2723 2983 2893 
3137 2763 3198 1625 
3138 2623 2624 2622 
3139 2176 2722 1753 
3140 1947 2339 1946 
3141 2192 2196 2193 
3142 2747 2748 2746 
3143 1945 1946 1944 
3144 2182 2184 2183 
3145 1703 2925 85 
3146 1981 2012 2011 
3147 2199 2201 2200 
3148 2184 2950 2766 
3149 2147 2436 2434 
3150 2591 2596 2590 
3151 2053 2338 2054 
3152 2717 2950 2182 
3153 1903 1907 1904 
3154 1910 1914 1911 
3155 2051 2053 2052 
3156 1896 1900 1897 
3157 1610 2665 2664 
3158 1711 3156 2976 
3159 2445 2530 2023 
3160 2443 2532 2018 
3161 2439 2534 2028 
3162 1401 2896 2519 
3163 2041 2718 2685 
3164 2011 2677 1979 
3165 2629 2630 1591 
3166 1461 2719 1492 
3167 2545 2546 2543 
3168 1459 2780 1513 
3169 2067 2508 2071 
3170 2026 3058 2024 
3171 2174 2731 1628 
3172 1614 2693 2692 
3173 2544 2545 2543 
3174 2689 2691 1615 
3175 1965 1967 1964 
3176 211 2720 1363 
3177 1363 2721 210 
3178 2713 2714 1599 
3179 1378 2733 1695 
3180 1964 2503 1960 
3181 1419 3043 2715 
3182 2077 2518 2088 
3183 2209 2498 2213 
3184 2094 2786 2785 
3185 2368 2915 1679 
3186 2525 3159 2524 
3187 2581 2582 2570 
3188 2575 2619 2565 
3189 1938 1939 1936 
3190 2757 2758 2756 
3191 1559 1759 1561 
3192 2704 2710 2706 
3193 2738 2740 157 
3194 2189 2192 2191 
3195 2736 2737 160 
3196 2745 2746 170 
3197 2213 2215 2214 
3198 2741 2742 62 
3199 2743 2744 111 
3200 172 2634 1714 
3201 191 2644 1417 
3202 226 2646 1509 
3203 228 2637 1602 
3204 1397 2542 83 
3205 1395 2635 181 
3206 1507 2639 47 
3207 142 2647 1419 
3208 149 2638 1489 
3209 1508 2640 145 
3210 44 2645 1418 
3211 1554 2738 158 
3212 1504 2541 194 
3213 1596 2643 163 
3214 1666 2641 155 
3215 1515 2736 161 
3216 1714 2745 171 
3217 1942 1944 1940 
3218 1516 2741 63 
3219 1517 2743 112 
3220 2505 3167 2696 
3221 123 2651 1716 
3222 74 2649 1717 
3223 2205 2702 2228 
3224 2185 2188 2187 
3225 1489 2749 148 
3226 1606 2658 65 
3227 1607 2659 114 
3228 1509 2670 225 
3229 103 2662 1595 
3230 1609 2660 49 
3231 2202 2702 2205 
3232 1610 2663 196 
3233 2590 2610 2587 
3234 2071 2073 2072 
3235 2549 2686 2554 
3236 1874 2182 2180 
3237 1601 2673 53 
3238 1595 2672 102 
3239 2041 2685 2043 
3240 2703 2704 1603 
3241 1465 2674 100 
3242 1466 2675 51 
3243 2589 2590 2587 
3244 1946 2524 1944 
3245 2047 2051 2049 
3246 1612 2678 223 
3247 1792 1903 1902 
3248 1794 1910 1909 
3249 2043 2046 2045 
3250 2195 2199 2198 
3251 1951 1952 1949 
3252 2056 2059 2058 
3253 1884 1896 1895 
3254 1469 2679 221 
3255 1968 1969 1967 
3256 2582 2607 2570 
3257 2573 2686 2615 
3258 2481 3208 3160 
3259 1524 2835 1559 
3260 1542 2762 1539 
3261 1467 2975 1399 
3262 2215 2217 2216 
3263 202 2754 2753 
3264 2554 2686 2573 
3265 1759 1814 1813 
3266 2690 2691 2689 
3267 2239 2954 2930 
3268 2680 3243 1995 
3269 2402 2997 2995 
3270 2296 3097 2502 
3271 205 2756 2755 
3272 2238 2953 2928 
3273 2648 3043 2647 
3274 2193 2694 2195 
3275 1374 2824 1705 
3276 1753 2722 1751 
3277 1754 2761 1756 
3278 157 2740 156 
3279 160 2737 159 
3280 170 2746 169 
3281 62 2742 61 
3282 111 2744 110 
3283 105 1385 104 
3284 76 1488 75 
3285 84 1397 83 
3286 97 1503 96 
3287 125 1486 124 
3288 174 1487 173 
3289 195 1504 194 
3290 79 1505 78 
3291 82 1591 81 
3292 133 1396 132 
3293 177 1506 176 
3294 180 1592 179 
3295 182 1395 181 
3296 191 1417 190 
3297 128 1510 127 
3298 131 1594 130 
3299 164 1596 163 
3300 166 1463 165 
3301 226 1509 225 
3302 46 1605 45 
3303 44 1418 43 
3304 120 1387 119 
3305 149 1489 148 
3306 144 1600 143 
3307 156 1666 155 
3308 228 1602 227 
3309 230 1416 229 
3310 48 1507 47 
3311 64 1516 63 
3312 113 1517 112 
3313 142 1419 141 
3314 56 1389 55 
3315 162 1515 161 
3316 146 1508 145 
3317 159 1554 158 
3318 154 1390 153 
3319 151 1715 150 
3320 95 1598 94 
3321 71 1388 70 
3322 92 1398 91 
3323 169 1386 168 
3324 172 1714 171 
3325 193 1593 192 
3326 61 1556 60 
3327 110 1555 109 
3328 1492 2719 2101 
3329 125 2656 1486 
3330 1591 2631 81 
3331 123 1716 122 
3332 74 1717 73 
3333 2895 2916 2321 
3334 66 1606 65 
3335 115 1607 114 
3336 1589 1689 1590 
3337 99 1608 98 
3338 103 1595 102 
3339 54 1601 53 
3340 50 1609 49 
3341 197 1610 196 
3342 1904 2699 1906 
3343 1911 2698 1913 
3344 213 2689 1615 
3345 224 1612 223 
3346 2071 2508 2123 
3347 1513 1863 1581 
3348 1562 2726 2362 
3349 68 1482 67 
3350 117 1483 116 
3351 1614 2692 208 
3352 2394 3014 2993 
3353 1897 2700 1899 
3354 52 1466 51 
3355 101 1465 100 
3356 1613 2682 219 
3357 199 1468 198 
3358 2704 2706 2705 
3359 1829 2785 1721 
3360 1589 1590 1545 
3361 201 1611 200 
3362 222 1469 221 
3363 1545 2920 1467 
3364 1511 2688 2100 
3365 1511 2100 1582 
3366 1759 1813 1561 
3367 220 1613 219 
3368 2140 2781 1814 
3369 1751 2722 1996 
3370 2106 2788 2752 
3371 2236 2947 2921 
3372 2237 2946 2922 
3373 218 1394 217 
3374 204 1381 203 
3375 2213 2498 2231 
3376 1397 2544 2543 
3377 1963 1964 1960 
3378 2119 2503 1964 
3379 2573 2615 2614 
3380 202 2753 201 
3381 2094 2785 1829 
3382 2957 2960 1707 
3383 1632 2790 1543 
3384 215 1369 214 
3385 2164 3423 3123 
3386 2762 2968 1538 
3387 1863 2780 2345 
3388 2209 2213 2212 
3389 1492 2101 1548 
3390 207 1366 206 
3391 1689 2889 1690 
3392 1814 1917 1813 
3393 1751 1996 1693 
3394 1586 1589 1545 
3395 2217 2219 2218 
3396 2146 3064 3035 
3397 1970 1971 1969 
3398 2034 2917 2796 
3399 2067 2071 2070 
3400 2793 2960 2957 
3401 2777 2778 2163 
3402 2479 2480 2478 
3403 2620 2622 2621 
3404 1796 2783 2007 
3405 1831 2761 1754 
3406 1678 2732 2368 
3407 2722 2723 1996 
3408 1996 2896 1693 
3409 189 2703 1603 
3410 140 2713 1599 
3411 1997 2240 2032 
3412 1423 3447 3071 
3413 1695 1997 1789 
3414 1676 2735 2369 
3415 2454 2917 2034 
3416 2550 2551 2549 
3417 205 2755 204 
3418 2268 2764 1699 
3419 1689 1690 1590 
3420 187 2904 2165 
3421 1450 3384 2759 
3422 2451 2484 2196 
3423 1615 2720 212 
3424 1696 1803 1680 
3425 1875 2171 1803 
3426 209 2721 1614 
3427 1759 2140 1814 
3428 1814 1918 1917 
3429 1589 2731 2377 
3430 1630 2174 1628 
3431 2077 2079 2078 
3432 2412 2414 1907 
3433 2416 2418 1914 
3434 1484 2840 27 
3435 2234 3120 2276 
3436 2424 2426 1900 
3437 1544 3453 2766 
3438 1759 2835 2140 
3439 1522 1545 1467 
3440 2494 3299 1597 
3441 1694 1751 1693 
3442 1972 1975 1971 
3443 2219 2222 2220 
3444 1997 2032 1789 
3445 2554 2559 2555 
3446 2706 2708 2707 
3447 2184 2185 2183 
3448 2102 2105 2104 
3449 2734 3083 2517 
3450 213 1615 212 
3451 2270 2761 1831 
3452 1817 2767 1763 
3453 2222 2224 2223 
3454 2079 2081 2080 
3455 209 1614 208 
3456 1675 1680 1542 
3457 2348 2774 2773 
3458 1710 2790 1632 
3459 1690 1722 1721 
3460 2378 2524 1946 
3461 2170 2810 2775 
3462 1875 2366 2171 
3463 2630 3073 2631 
3464 1756 2761 2178 
3465 2581 2583 2582 
3466 2620 2621 2567 
3467 1397 2925 2544 
3468 2930 2954 1480 
3469 1782 2768 1761 
3470 1513 2780 1863 
3471 1696 1875 1803 
3472 2583 2585 2584 
3473 1752 1753 1751 
3474 2598 2610 2590 
3475 1534 1693 1532 
3476 2081 2083 2082 
3477 1945 1947 1946 
3478 1722 1829 1721 
3479 2348 2773 1993 
3480 2559 2561 2560 
3481 2101 2102 1548 
3482 2224 2235 2225 
3483 1938 1940 1939 
3484 1863 2344 2306 
3485 2182 2183 2180 
3486 1468 2669 2668 
3487 1422 1467 1399 
3488 143 2647 142 
3489 45 2645 44 
3490 173 2634 172 
3491 194 2541 193 
3492 47 2639 46 
3493 83 2542 82 
3494 145 2640 144 
3495 181 2635 180 
3496 227 2646 226 
3497 229 2637 228 
3498 150 2638 149 
3499 155 2641 154 
3500 158 2738 157 
3501 163 2643 162 
3502 192 2644 191 
3503 161 2736 160 
3504 124 2651 123 
3505 75 2649 74 
3506 171 2745 170 
3507 65 2658 64 
3508 114 2659 113 
3509 49 2660 48 
3510 104 2662 103 
3511 63 2741 62 
3512 112 2743 111 
3513 1863 2345 2344 
3514 196 2663 195 
3515 1667 2789 2157 
3516 2788 2809 2752 
3517 2928 2953 1406 
3518 2053 2054 2052 
3519 1675 1696 1680 
3520 1705 2824 2734 
3521 148 2749 147 
3522 225 2670 224 
3523 100 2674 99 
3524 51 2675 50 
3525 2192 2193 2191 
3526 1997 2517 2240 
3527 2188 2189 2187 
3528 102 2672 101 
3529 53 2673 52 
3530 2722 2990 2723 
3531 1934 3449 2890 
3532 1942 1945 1944 
3533 223 2678 222 
3534 2321 2341 2322 
3535 1702 2725 183 
3536 2101 2816 2102 
3537 2380 3211 2379 
3538 1772 2771 1739 
3539 1777 2772 1744 
3540 221 2679 220 
3541 2546 2891 2629 
3542 2097 2894 2267 
3543 2100 2428 2307 
3544 2199 2200 2198 
3545 197 2666 1610 
3546 1538 2769 1535 
3547 2345 2346 2344 
3548 2461 2839 2145 
3549 2589 2591 2590 
3550 2561 2563 2562 
3551 1722 1830 1829 
3552 1817 2792 2767 
3553 203 2754 202 
3554 2547 2550 2549 
3555 2598 2759 2610 
3556 2958 2959 1650 
3557 2051 2052 2049 
3558 2060 2063 2062 
3559 1479 2779 1578 
3560 1903 1904 1902 
3561 1910 1911 1909 
3562 1863 2306 1581 
3563 2597 2607 2582 
3564 2046 2047 2045 
3565 1980 1981 1979 
3566 141 2713 140 
3567 190 2703 189 
3568 2271 2379 2270 
3569 1589 2377 1689 
3570 1803 2540 1680 
3571 206 2756 205 
3572 1782 2794 2768 
3573 2074 2077 2076 
3574 2921 2947 1405 
3575 2922 2946 1407 
3576 2269 2270 1831 
3577 1896 1897 1895 
3578 2666 2667 2665 
3579 1993 2773 1830 
3580 1694 1752 1751 
3581 2563 2565 2564 
3582 214 2689 213 
3583 2539 3021 1375 
3584 2100 2307 1582 
3585 208 2692 207 
3586 1553 2840 1484 
3587 1796 2007 1710 
3588 1534 1694 1693 
3589 2565 2567 2566 
3590 1690 1721 1720 
3591 183 2725 182 
3592 2177 2482 2176 
3593 2279 2438 2028 
3594 2022 2023 2021 
3595 2017 2018 2016 
3596 2020 2021 2019 
3597 2015 2016 2014 
3598 2027 2028 2026 
3599 2284 2444 2023 
3600 2282 2442 2018 
3601 1756 2176 1753 
3602 1578 2460 1585 
3603 211 1363 210 
3604 1918 1919 1917 
3605 2578 2606 2579 
3606 2025 2026 2024 
3607 1754 1756 1753 
3608 1559 1561 1560 
3609 2088 2918 2516 
3610 1772 2803 2771 
3611 1777 2801 2772 
3612 1756 2177 2176 
3613 1830 2093 1829 
3614 2704 2705 1603 
3615 1564 2883 1549 
3616 2724 2761 2270 
3617 2775 2810 1925 
3618 2105 2106 2104 
3619 1571 2807 1678 
3620 1586 2731 1589 
3621 2225 2895 2227 
3622 1573 2808 1676 
3623 1994 2471 2173 
3624 1522 1586 1545 
3625 2269 2271 2270 
3626 138 2777 2163 
3627 1830 2773 2093 
3628 2342 3378 2322 
3629 2948 2955 1648 
3630 2949 2956 1649 
3631 189 1603 188 
3632 42 1604 41 
3633 140 1599 139 
3634 232 1597 231 
3635 1527 2888 1568 
3636 1529 2887 1566 
3637 2512 2815 1848 
3638 2510 2814 1846 
3639 2912 2914 2913 
3640 2908 2910 2909 
3641 2271 2380 2379 
3642 2552 2553 2551 
3643 1862 1993 1830 
3644 2317 2347 1993 
3645 2367 2371 2366 
3646 1604 3312 2466 
3647 1752 1754 1753 
3648 2007 2790 1710 
3649 2785 2786 2471 
3650 2995 2997 1961 
3651 2510 2817 2814 
3652 2512 2819 2815 
3653 2243 2244 1851 
3654 2158 3205 2693 
3655 2993 3014 2068 
3656 1767 2241 2136 
3657 1695 1789 1788 
3658 2105 2107 2106 
3659 1406 2953 2795 
3660 1763 2767 1750 
3661 1978 1979 1976 
3662 2178 2281 2177 
3663 1920 2784 1919 
3664 2511 2512 1848 
3665 2509 2510 1846 
3666 1678 2368 1679 
3667 1637 1801 1553 
3668 1676 2369 1677 
3669 2891 3006 2630 
3670 2003 2794 1784 
3671 1513 1581 1514 
3672 1511 1582 1512 
3673 2227 2321 2320 
3674 2464 2465 2396 
3675 2093 2449 2094 
3676 1918 1920 1919 
3677 1599 2777 139 
3678 2404 2493 2492 
3679 1761 2768 1747 
3680 1798 2912 2911 
3681 1799 2908 2907 
3682 2507 3104 1424 
3683 1963 1965 1964 
3684 1784 2794 1782 
3685 212 2720 211 
3686 210 2721 209 
3687 1721 2785 1994 
3688 1862 2317 1993 
3689 1532 2896 1471 
3690 2005 2792 1819 
3691 1994 2785 2471 
3692 1918 1921 1920 
3693 2002 2801 1779 
3694 2001 2803 1774 
3695 2178 2325 2281 
3696 1480 2954 2793 
3697 2824 2825 2734 
3698 1479 1578 1547 
3699 1739 2771 1737 
3700 1744 2772 1742 
3701 1722 1862 1830 
3702 2379 2724 2270 
3703 1819 2792 1817 
3704 1422 1522 1467 
3705 1492 1548 1493 
3706 1385 2965 2662 
3707 1921 2781 2391 
3708 2107 2788 2106 
3709 2133 2798 2797 
3710 1779 2801 1777 
3711 1774 2803 1772 
3712 2705 2904 1603 
3713 2305 2811 2132 
3714 1965 1968 1967 
3715 1407 2946 2802 
3716 1405 2947 2804 
3717 1951 1953 1952 
3718 2544 2925 2626 
3719 2059 2060 2058 
3720 1756 2178 2177 
3721 1921 1922 1920 
3722 1679 2915 1866 
3723 1955 1956 1953 
3724 2568 2578 2577 
3725 2106 2752 2751 
3726 2526 3148 2527 
3727 1690 1720 1590 
3728 1786 2014 1655 
3729 1785 2019 1656 
3730 2133 2797 2113 
3731 1953 2697 1952 
3732 2145 2821 2109 
3733 2108 2145 2109 
3734 2128 2806 2805 
3735 2820 2837 2036 
3736 2818 2838 2035 
3737 1667 2157 1797 
3738 2003 2795 2794 
3739 1921 1925 1922 
3740 1870 2024 1728 
3741 2108 2109 2107 
3742 1922 1924 1923 
3743 2347 2348 1993 
3744 1524 1559 1558 
3745 2544 2576 2545 
3746 1669 1790 1564 
3747 2109 2110 2107 
3748 1921 2391 1925 
3749 2005 2793 2792 
3750 2105 2108 2107 
3751 1889 2268 1699 
3752 2109 2111 2110 
3753 1816 1817 1763 
3754 1866 2349 2287 
3755 2456 2837 2820 
3756 2455 2838 2818 
3757 2706 2707 2705 
3758 1815 1816 1763 
3759 1836 2800 2294 
3760 1674 1675 1542 
3761 2002 2802 2801 
3762 2001 2804 2803 
3763 2261 2809 2788 
3764 2680 2890 2681 
3765 2391 2392 1925 
3766 2213 2214 2212 
3767 2128 2805 1927 
3768 1721 1994 1720 
3769 1747 2238 1745 
3770 1924 1926 1923 
3771 2215 2216 2214 
3772 1571 1678 1670 
3773 1573 1676 1671 
3774 2202 2205 2204 
3775 2097 2267 2099 
3776 1780 1781 1761 
3777 1750 2239 1748 
3778 1781 1782 1761 
3779 2400 2461 2145 
3780 1992 2783 1796 
3781 1568 1798 1672 
3782 1566 1799 1673 
3783 2111 2112 2110 
3784 1999 2269 1831 
3785 2073 2074 2072 
3786 1742 2237 1740 
3787 1737 2236 1735 
3788 1922 1923 1920 
3789 1925 2810 1922 
3790 1549 1641 1455 
3791 1562 2362 1713 
3792 1775 1776 1744 
3793 1770 1771 1739 
3794 2392 2776 2775 
3795 2102 2104 2103 
3796 1750 2767 2239 
3797 1771 1772 1739 
3798 1776 1777 1744 
3799 2556 2557 2553 
3800 2817 2818 2035 
3801 2819 2820 2036 
3802 1781 1783 1782 
3803 2071 2072 2070 
3804 1836 2294 1801 
3805 1747 2768 2238 
3806 1926 2336 2277 
3807 2112 2324 2261 
3808 95 2791 1598 
3809 2323 2812 2127 
3810 2093 2094 1829 
3811 1449 1579 1527 
3812 1453 1580 1529 
3813 2814 2817 2035 
3814 2815 2819 2036 
3815 1802 1836 1801 
3816 2712 2904 2705 
3817 1541 1542 1539 
3818 1737 2771 2236 
3819 1742 2772 2237 
3820 1776 1778 1777 
3821 1771 1773 1772 
3822 1459 1513 1497 
3823 1457 1511 1495 
3824 2795 2958 1406 
3825 2113 2797 2112 
3826 1537 1538 1535 
3827 1637 1802 1801 
3828 2112 2261 2110 
3829 2133 2799 2798 
3830 1378 1695 1380 
3831 2795 2959 2958 
3832 2014 2969 1655 
3833 2019 2970 1656 
3834 1783 1784 1782 
3835 2793 2957 1480 
3836 1816 1818 1817 
3837 2340 2980 1856 
3838 1926 2277 1923 
3839 1680 2762 1542 
3840 1636 1637 1553 
3841 2114 2132 2113 
3842 2392 2775 1925 
3843 2111 2113 2112 
3844 1762 1763 1750 
3845 2479 2782 2480 
3846 2205 2207 2206 
3847 1928 2126 1927 
3848 1924 1927 1926 
3849 1773 1774 1772 
3850 1778 1779 1777 
3851 1927 2805 1926 
3852 1886 2822 1840 
3853 1760 1761 1747 
3854 1790 2883 1564 
3855 1695 2733 1997 
3856 1628 2731 1586 
3857 2145 2839 2821 
3858 1781 2092 1783 
3859 1886 2823 2822 
3860 2092 2836 1783 
3861 2767 2954 2239 
3862 1755 1831 1754 
3863 2115 2827 1816 
3864 90 1701 89 
3865 135 1704 134 
3866 86 1703 85 
3867 184 1702 183 
3868 2132 2811 2133 
3869 2134 2305 2132 
3870 2126 2328 2128 
3871 1738 1739 1737 
3872 1743 1744 1742 
3873 1776 2035 1778 
3874 1771 2036 1773 
3875 1802 1837 1836 
3876 2036 2837 1773 
3877 2035 2838 1778 
3878 2112 2797 2324 
3879 1924 1928 1927 
3880 1837 1838 1836 
3881 1533 1534 1532 
3882 1926 2805 2336 
3883 1838 2800 1836 
3884 2127 2812 2126 
3885 1818 1819 1817 
3886 1838 2822 2800 
3887 2114 2134 2132 
3888 1919 2406 1917 
3889 1421 2779 1479 
3890 1928 2127 2126 
3891 2201 2202 2200 
3892 2143 2405 2134 
3893 2063 2065 2064 
3894 2104 2751 2135 
3895 1783 1825 1784 
3896 2132 2133 2113 
3897 2294 2840 1801 
3898 2126 2812 2328 
3899 1815 2115 1816 
3900 1918 2781 1921 
3901 2804 2948 1405 
3902 2802 2949 1407 
3903 2111 2114 2113 
3904 1840 2822 1838 
3905 1559 2835 1759 
3906 2143 2458 2405 
3907 1383 2929 1393 
3908 2768 2953 2238 
3909 2108 2400 2145 
3910 2033 2034 1820 
3911 1875 2367 2366 
3912 2272 2323 2127 
3913 2170 2272 2127 
3914 1374 1705 1376 
3915 2240 3154 3099 
3916 1778 1823 1779 
3917 1773 1821 1774 
3918 1520 1740 1411 
3919 1518 1735 1409 
3920 1686 1745 1410 
3921 1801 2840 1553 
3922 1767 2892 2241 
3923 2272 2536 2323 
3924 1776 2814 2035 
3925 1771 2815 2036 
3926 2126 2128 1927 
3927 1820 1984 1819 
3928 1825 1826 1784 
3929 139 2777 138 
3930 1685 1748 1412 
3931 1760 1780 1761 
3932 1818 1820 1819 
3933 1839 1840 1838 
3934 1984 2006 2005 
3935 2114 2821 2143 
3936 2117 2832 2831 
3937 1928 2810 2170 
3938 2033 2303 2034 
3939 1762 1815 1763 
3940 2117 2831 1887 
3941 1821 1822 1774 
3942 1823 1824 1779 
3943 1839 1841 1840 
3944 2804 2955 2948 
3945 2802 2956 2949 
3946 2114 2143 2134 
3947 96 2791 95 
3948 1837 1839 1838 
3949 1818 2033 1820 
3950 1886 2831 2823 
3951 1568 2888 1798 
3952 1566 2887 1799 
3953 1841 1842 1840 
3954 1738 1770 1739 
3955 1743 1775 1744 
3956 2257 2333 2256 
3957 2771 2947 2236 
3958 2772 2946 2237 
3959 2117 2834 2833 
3960 2303 2454 2034 
3961 1928 2170 2127 
3962 2446 2447 2006 
3963 1887 2831 1886 
3964 2143 2839 2458 
3965 1826 2826 2248 
3966 1825 2256 1826 
3967 2133 2811 2799 
3968 1957 1958 1956 
3969 1814 2781 1918 
3970 2255 2331 2254 
3971 2253 2329 2252 
3972 1984 2446 2006 
3973 2257 2334 2333 
3974 1841 2877 1842 
3975 1984 2005 1819 
3976 1822 2829 2246 
3977 1824 2830 2247 
3978 1842 1887 1886 
3979 1821 2252 1822 
3980 1823 2254 1824 
3981 2256 2826 1826 
3982 1826 2003 1784 
3983 2447 2770 2006 
3984 2255 2332 2331 
3985 2253 2330 2329 
3986 1826 2248 2003 
3987 2117 2833 2832 
3988 2102 2816 2105 
3989 1842 1886 1840 
3990 2252 2829 1822 
3991 2254 2830 1824 
3992 1824 2002 1779 
3993 1822 2001 1774 
3994 187 2165 186 
3995 234 2166 233 
3996 40 2164 39 
3997 138 2163 137 
3998 1822 2246 2001 
3999 1824 2247 2002 
4000 1888 2116 1887 
4001 1825 2257 2256 
4002 1888 2118 2116 
4003 2116 2834 2117 
4004 1821 2253 2252 
4005 1823 2255 2254 
4006 1842 1888 1887 
4007 2118 2293 2116 
4008 2149 2407 2118 
4009 2116 2117 1887 
4010 2149 2475 2407 
4011 2033 2827 2462 
4012 1789 2008 1788 
4013 2618 2619 2575 
4014 1888 2149 2118 
4015 2293 2834 2116 
4016 2033 2462 2303 
4017 2257 2457 2334 
4018 2257 2836 2457 
4019 1952 2697 2696 
4020 2253 2456 2330 
4021 2255 2455 2332 
4022 2255 2838 2455 
4023 2253 2837 2456 
4024 1531 1532 1471 
4025 1741 1742 1740 
4026 1736 1737 1735 
4027 1552 1553 1484 
4028 2227 2895 2321 
4029 1818 2827 2033 
4030 1968 1970 1969 
4031 1924 2810 1928 
4032 2328 2897 2128 
4033 387 2843 2168 
4034 394 2844 1988 
4035 1623 2843 386 
4036 1622 2841 288 
4037 1624 2842 407 
4038 289 1985 290 
4039 387 2168 388 
4040 408 1986 409 
4041 359 1987 360 
4042 394 1988 395 
4043 464 1474 465 
4044 289 2841 1985 
4045 408 2842 1986 
4046 392 2867 1481 
4047 1502 2845 358 
4048 365 2847 1646 
4049 414 2860 1647 
4050 1404 2873 286 
4051 1499 2860 413 
4052 267 2848 1477 
4053 1621 2869 336 
4054 358 2845 359 
4055 288 2841 289 
4056 386 2843 387 
4057 1500 2871 323 
4058 1501 2850 330 
4059 1481 2844 393 
4060 1402 2857 405 
4061 323 2871 324 
4062 330 2850 331 
4063 1403 2872 384 
4064 359 2845 1987 
4065 1619 2856 238 
4066 1706 2867 391 
4067 260 1650 261 
4068 316 1648 317 
4069 363 1498 364 
4070 412 1499 413 
4071 287 2873 1622 
4072 406 2857 1624 
4073 365 1646 366 
4074 414 1647 415 
4075 239 1476 240 
4076 337 1475 338 
4077 287 1622 288 
4078 286 2873 287 
4079 291 2167 292 
4080 324 2871 1989 
4081 331 2850 1990 
4082 384 2872 385 
4083 405 2857 406 
4084 407 2842 408 
4085 391 2867 392 
4086 1498 2847 364 
4087 1620 2848 266 
4088 293 1550 294 
4089 301 1408 302 
4090 258 1406 259 
4091 314 1405 315 
4092 349 1407 350 
4093 433 1480 434 
4094 461 1588 462 
4095 238 2856 239 
4096 322 1500 323 
4097 329 1501 330 
4098 336 2869 337 
4099 364 2847 365 
4100 413 2860 414 
4101 237 1619 238 
4102 265 1620 266 
4103 295 1645 296 
4104 335 1621 336 
4105 351 1649 352 
4106 357 1502 358 
4107 435 1707 436 
4108 267 1477 268 
4109 8 1410 256 
4110 16 1409 312 
4111 20 1411 347 
4112 31 1412 431 
4113 406 1624 407 
4114 385 1623 386 
4115 371 1472 372 
4116 393 2844 394 
4117 420 1473 421 
4118 392 1481 393 
4119 331 1990 332 
4120 324 1989 325 
4121 385 2872 1623 
4122 285 1404 286 
4123 383 1403 384 
4124 404 1402 405 
4125 390 1706 391 
4126 239 2856 1476 
4127 266 2848 267 
4128 337 2869 1475 
4129 369 1832 370 
4130 418 1833 419 
4131 1675 2764 1696 
4132 1707 2960 2770 
4133 296 2849 297 
4134 1645 2849 296 
4135 1823 2838 2255 
4136 1821 2837 2253 
4137 1825 2836 2257 
4138 2217 2218 2216 
4139 411 2868 412 
4140 412 2868 1499 
4141 352 2864 353 
4142 317 2863 318 
4143 1648 2863 317 
4144 1649 2864 352 
4145 484 1644 485 
4146 300 2878 301 
4147 301 2878 1408 
4148 236 2858 237 
4149 264 2851 265 
4150 237 2858 1619 
4151 265 2851 1620 
4152 261 2854 262 
4153 1650 2854 261 
4154 429 2169 430 
4155 334 2859 335 
4156 335 2859 1621 
4157 2149 2477 2475 
4158 299 1834 300 
4159 1775 2814 1776 
4160 1770 2815 1771 
4161 356 2880 357 
4162 322 2879 1500 
4163 321 2879 322 
4164 357 2880 1502 
4165 328 2881 329 
4166 329 2881 1501 
4167 1578 1585 1547 
4168 1834 2878 300 
4169 485 2876 486 
4170 439 1708 440 
4171 2024 2973 1728 
4172 1644 2876 485 
4173 320 1876 321 
4174 355 1877 356 
4175 2111 2821 2114 
4176 327 1878 328 
4177 1842 2877 1888 
4178 2821 2839 2143 
4179 1778 2838 1823 
4180 1773 2837 1821 
4181 2708 2709 2707 
4182 2459 3157 2405 
4183 1746 1747 1745 
4184 1783 2836 1825 
4185 482 1384 483 
4186 399 1462 400 
4187 1877 2880 356 
4188 1876 2879 321 
4189 1888 2877 2149 
4190 1682 2013 1617 
4191 1923 2784 1920 
4192 2149 2877 2477 
4193 1878 2881 328 
4194 2654 3356 3328 
4195 2108 2816 2400 
4196 1846 2814 1775 
4197 1848 2815 1770 
4198 398 2884 399 
4199 1837 1843 1839 
4200 1816 2827 1818 
4201 427 1551 428 
4202 1749 1750 1748 
4203 1922 2810 1924 
4204 2289 2509 1846 
4205 2291 2511 1848 
4206 397 1835 398 
4207 2106 2751 2104 
4208 2999 3379 2258 
4209 2869 2870 1475 
4210 2110 2788 2107 
4211 1635 3032 2717 
4212 1862 2389 2317 
4213 2523 3042 1451 
4214 399 2884 1462 
4215 2109 2821 2111 
4216 1699 2764 1675 
4217 1370 1464 1372 
4218 2105 2816 2108 
4219 1466 2934 2676 
4220 1889 2273 2268 
4221 2716 3204 2558 
4222 1835 2884 398 
4223 1461 1492 1491 
4224 1443 3375 2623 
4225 2540 2762 1680 
4226 2531 3151 2937 
4227 2533 3150 2938 
4228 2277 2784 1923 
4229 2554 2555 2548 
4230 2261 2788 2110 
4231 1690 2889 1722 
4232 1695 1788 1380 
4233 1741 1743 1742 
4234 1736 1738 1737 
4235 441 1391 442 
4236 1746 1760 1747 
4237 1367 1767 1758 
4238 383 2846 1403 
4239 382 2846 383 
4240 1997 2733 2517 
4241 1401 2519 1364 
4242 1749 1762 1750 
4243 1845 1846 1775 
4244 1847 1848 1770 
4245 422 1640 423 
4246 34 2497 1446 
4247 1674 1699 1675 
4248 312 2862 313 
4249 347 2852 348 
4250 1409 2862 312 
4251 1411 2852 347 
4252 1534 2769 1694 
4253 1875 2828 2367 
4254 1535 2769 1534 
4255 2165 3541 3124 
4256 1410 2861 256 
4257 256 2861 257 
4258 2207 2209 2208 
4259 431 2853 432 
4260 1412 2853 431 
4261 1408 2874 302 
4262 302 2874 303 
4263 2159 2687 2083 
4264 2237 2852 1740 
4265 2236 2862 1735 
4266 1999 2528 2269 
4267 2238 2861 1745 
4268 2104 2135 2103 
4269 30 1365 424 
4270 1486 2656 2655 
4271 1533 1535 1534 
4272 2569 2570 2557 
4273 285 2855 1404 
4274 284 2855 285 
4275 2239 2853 1748 
4276 1696 2828 1875 
4277 268 2866 269 
4278 1476 2865 240 
4279 240 2865 241 
4280 1477 2866 268 
4281 2681 2682 1613 
4282 1767 2136 1983 
4283 1393 2929 1421 
4284 1755 1999 1831 
4285 1802 2886 1837 
4286 1752 1755 1754 
4287 1637 1854 1802 
4288 2630 2631 1591 
4289 1735 2862 1409 
4290 1740 2852 1411 
4291 2802 2946 2801 
4292 2804 2947 2803 
4293 1383 1392 1382 
4294 402 1368 27 
4295 2764 2828 1696 
4296 2795 2953 2794 
4297 1866 2915 2349 
4298 188 2904 187 
4299 1745 2861 1410 
4300 1837 2886 1843 
4301 444 1367 32 
4302 36 1364 480 
4303 30 1370 1365 
4304 2128 2897 2806 
4305 1748 2853 1412 
4306 1537 1539 1538 
4307 1994 2173 2172 
4308 1631 2124 1639 
4309 1970 1972 1971 
4310 2219 2220 2218 
4311 2077 2078 2076 
4312 2243 2245 2244 
4313 2321 2916 2341 
4314 1541 1674 1542 
4315 2482 2990 2176 
4316 1603 2904 188 
4317 2438 3363 1899 
4318 24 1617 382 
4319 2769 2968 2932 
4320 1610 2666 2665 
4321 2793 2954 2792 
4322 2079 2080 2078 
4323 363 2927 1498 
4324 480 2893 481 
4325 2013 2846 1617 
4326 443 2892 444 
4327 425 1757 426 
4328 1552 1636 1553 
4329 2065 2067 2066 
4330 1520 1741 1740 
4331 1518 1736 1735 
4332 1587 1628 1586 
4333 1743 1845 1775 
4334 1738 1847 1770 
4335 314 2921 1405 
4336 349 2922 1407 
4337 2307 2327 1582 
4338 2404 2995 2493 
4339 2222 2223 2220 
4340 2244 2992 1851 
4341 2306 2326 1581 
4342 1972 1976 1975 
4343 1935 1936 1933 
4344 2102 2103 1548 
4345 1693 2896 1532 
4346 258 2928 1406 
4347 2083 2687 2084 
4348 2465 3014 2396 
4349 303 1687 304 
4350 2081 2082 2080 
4351 433 2930 1480 
4352 1686 1746 1745 
4353 1813 2726 1561 
4354 1393 1399 1392 
4355 2196 2694 2193 
4356 1638 1861 1692 
4357 84 2925 1397 
4358 2559 2560 2555 
4359 1685 1749 1748 
4360 1550 3317 2447 
4361 2796 2917 2448 
4362 2580 2581 2570 
4363 1959 1960 1958 
4364 2224 2225 2223 
4365 1722 2889 1862 
4366 373 1688 374 
4367 12 2160 284 
4368 1874 2180 2179 
4369 1907 2699 1904 
4370 1914 2698 1911 
4371 1368 1484 27 
4372 1900 2700 1897 
4373 2550 2552 2551 
4374 1862 2889 2389 
4375 2185 2187 2186 
4376 2770 2960 2006 
4377 316 2948 1648 
4378 351 2949 1649 
4379 1405 2948 315 
4380 1407 2949 350 
4381 241 2161 6 
4382 269 2162 10 
4383 1420 1422 1399 
4384 2874 2875 1687 
4385 1617 2846 382 
4386 2083 2084 2082 
4387 1937 1938 1936 
4388 1932 1933 1930 
4389 260 2958 1650 
4390 1406 2958 259 
4391 435 2957 1707 
4392 1480 2957 434 
4393 1854 2886 1802 
4394 2561 2562 2560 
4395 2341 2342 2322 
4396 1845 2289 1846 
4397 1847 2291 1848 
4398 2586 2587 2585 
4399 2932 2968 2004 
4400 2189 2191 2190 
4401 2547 2981 2550 
4402 2005 2960 2793 
4403 1379 1382 1377 
4404 1941 1942 1940 
4405 1485 1584 1583 
4406 2193 2195 2194 
4407 2524 3159 1944 
4408 1749 1916 1762 
4409 2576 2981 2545 
4410 1531 1533 1532 
4411 85 2925 84 
4412 1948 1949 1947 
4413 1746 1915 1760 
4414 2862 2921 313 
4415 2852 2922 348 
4416 2063 2064 2062 
4417 1980 1982 1981 
4418 1978 1980 1979 
4419 2321 2322 2320 
4420 2592 2600 2591 
4421 1421 2929 2779 
4422 1994 2172 1720 
4423 2563 2564 2562 
4424 2054 2056 2055 
4425 1700 1874 1873 
4426 1629 1630 1628 
4427 1367 2892 1767 
4428 1904 1906 1905 
4429 1911 1913 1912 
4430 2047 2049 2048 
4431 2565 2566 2564 
4432 2861 2928 257 
4433 1897 1899 1898 
4434 2247 2956 2002 
4435 2246 2955 2001 
4436 2236 2921 2862 
4437 2237 2922 2852 
4438 2627 2882 2576 
4439 1561 2726 1562 
4440 303 2874 1687 
4441 2853 2930 432 
4442 313 2921 314 
4443 348 2922 349 
4444 2182 2950 2184 
4445 2567 2568 2566 
4446 1373 1415 1371 
4447 1364 2893 480 
4448 444 2892 1367 
4449 1718 1792 1791 
4450 1719 1794 1793 
4451 2015 2017 2016 
4452 2020 2022 2021 
4453 2027 2279 2028 
4454 2017 2282 2018 
4455 2022 2284 2023 
4456 2041 2043 2042 
4457 2519 2893 1364 
4458 2025 2027 2026 
4459 1561 1562 1560 
4460 2248 2959 2003 
4461 2195 2198 2197 
4462 2588 2589 2587 
4463 2752 2951 2751 
4464 1590 2920 1545 
4465 1792 1902 1901 
4466 1794 1909 1908 
4467 2043 2045 2044 
4468 1950 1951 1949 
4469 2238 2928 2861 
4470 362 2927 363 
4471 2056 2058 2057 
4472 257 2928 258 
4473 1882 1884 1883 
4474 1786 2015 2014 
4475 1785 2020 2019 
4476 2160 2855 284 
4477 1650 2974 2854 
4478 1884 1895 1894 
4479 2239 2930 2853 
4480 2578 2579 2577 
4481 432 2930 433 
4482 1787 1889 1699 
4483 1974 2402 2401 
4484 1546 2923 1478 
4485 2349 2485 2287 
4486 2157 2312 1797 
4487 2908 2909 2907 
4488 2912 2913 2911 
4489 1870 2025 2024 
4490 2393 2394 2086 
4491 1559 1560 1558 
4492 269 2866 2162 
4493 241 2865 2161 
4494 1991 1992 1796 
4495 2205 2206 2204 
4496 2552 2556 2553 
4497 1678 1679 1670 
4498 1676 1677 1671 
4499 1795 1796 1710 
4500 1368 1485 1484 
4501 2209 2212 2211 
4502 1798 2911 1672 
4503 1799 2907 1673 
4504 1522 1587 1586 
4505 1648 2971 2863 
4506 1649 2972 2864 
4507 1485 1552 1484 
4508 1660 1718 1697 
4509 1664 1719 1698 
4510 2769 2932 1694 
4511 1736 2898 1738 
4512 1741 2899 1743 
4513 1955 1957 1956 
4514 1511 1512 1495 
4515 1513 1514 1497 
4516 2160 3425 2951 
4517 1668 2095 1546 
4518 1414 1518 1409 
4519 1413 1520 1411 
4520 1963 2900 1965 
4521 2173 2538 2172 
4522 2580 3377 2648 
4523 1858 2041 2040 
4524 3019 3434 2359 
4525 1755 2004 1999 
4526 1732 2340 1856 
4527 2095 2923 1546 
4528 1633 2992 1634 
4529 1709 1710 1632 
4530 1492 1493 1491 
4531 1694 2932 1752 
4532 1962 1963 1960 
4533 1752 2932 1755 
4534 2067 2070 2069 
4535 3005 3389 3181 
4536 2155 2156 1828 
4537 2152 2153 1827 
4538 2008 2926 1788 
4539 24 1618 1617 
4540 1370 1371 1365 
4541 1435 1686 1410 
4542 1434 1685 1412 
4543 2892 2964 2241 
4544 1472 3285 2458 
4545 1659 1684 1521 
4546 1663 1683 1519 
4547 1813 2885 2726 
4548 1370 1372 1371 
4549 2177 3040 2482 
4550 1638 3018 1861 
4551 2707 2712 2705 
4552 1853 1882 1880 
4553 2207 2208 2206 
4554 2038 2441 2250 
4555 1723 1768 1661 
4556 1724 1769 1665 
4557 2540 3050 2004 
4558 1391 2964 442 
4559 1881 2513 1879 
4560 2476 3164 2407 
4561 2249 2701 2037 
4562 1788 1844 1380 
4563 2801 2946 2772 
4564 2803 2947 2771 
4565 2098 2129 2096 
4566 2580 3330 2595 
4567 1479 1547 1546 
4568 2535 3155 2935 
4569 1767 1983 1758 
4570 1618 1682 1617 
4571 2383 2384 2120 
4572 1917 2885 1813 
4573 1379 1383 1382 
4574 1540 1541 1539 
4575 1986 3517 3129 
4576 2001 2955 2804 
4577 2002 2956 2802 
4578 1485 1583 1552 
4579 2402 2404 2403 
4580 1378 1380 1379 
4581 2404 2492 2491 
4582 1674 1787 1699 
4583 315 2948 316 
4584 350 2949 351 
4585 2229 2982 2468 
4586 1536 1537 1535 
4587 1372 1374 1373 
4588 482 2983 1384 
4589 2794 2953 2768 
4590 1374 1376 1375 
4591 1957 1959 1958 
4592 2792 2954 2767 
4593 1852 2142 1729 
4594 2395 2396 2394 
4595 2463 2464 2396 
4596 2626 2627 2576 
4597 1631 2924 2124 
4598 2003 2959 2795 
4599 1847 2292 2291 
4600 1845 2290 2289 
4601 1861 2933 1692 
4602 1857 2009 1733 
4603 1855 2010 1731 
4604 1738 2898 1847 
4605 1743 2899 1845 
4606 1376 1378 1377 
4607 434 2957 435 
4608 259 2958 260 
4609 2406 2885 1917 
4610 2774 3062 2773 
4611 2894 2978 2267 
4612 1856 2980 2038 
4613 2229 2468 2365 
4614 2097 2099 2098 
4615 2356 2357 1966 
4616 1668 2097 2096 
4617 1585 2894 1547 
4618 1943 2274 1864 
4619 1538 2968 2769 
4620 2790 2931 1543 
4621 443 2964 2892 
4622 1974 2997 2402 
4623 2006 2960 2005 
4624 2176 2990 2722 
4625 16 1414 1409 
4626 20 1413 1411 
4627 1548 2789 1493 
4628 1787 2146 1889 
4629 1633 1634 1630 
4630 1685 2902 1749 
4631 2065 2066 2064 
4632 1383 1393 1392 
4633 1931 2359 1934 
4634 1686 2903 1746 
4635 1800 1864 1681 
4636 2556 2569 2557 
4637 442 2964 443 
4638 2461 3280 1472 
4639 2920 2975 1467 
4640 2209 2211 2208 
4641 1518 2906 1736 
4642 1520 2905 1741 
4643 243 3061 2521 
4644 1668 2894 2097 
4645 1849 1851 1691 
4646 8 1435 1410 
4647 31 1434 1412 
4648 2074 2076 2075 
4649 1720 2920 1590 
4650 1755 2932 2004 
4651 2545 2981 2547 
4652 2099 2314 2263 
4653 2550 2981 2558 
4654 1668 2096 2095 
4655 1954 1955 1953 
4656 2060 2062 2061 
4657 2959 2974 1650 
4658 1533 1536 1535 
4659 1547 1668 1546 
4660 1421 1479 1478 
4661 2339 3386 2939 
4662 484 3025 1644 
4663 1587 1629 1628 
4664 1372 1373 1371 
4665 2067 2069 2066 
4666 1530 1531 1471 
4667 2857 3294 1624 
4668 1384 3025 483 
4669 1374 1375 1373 
4670 2272 3524 2536 
4671 1393 1420 1399 
4672 2893 2983 481 
4673 2955 2971 1648 
4674 2956 2972 1649 
4675 36 1400 1364 
4676 1537 1540 1539 
4677 1683 2906 1519 
4678 1684 2905 1521 
4679 275 1428 276 
4680 377 1433 378 
4681 471 1427 472 
4682 307 1432 308 
4683 342 1431 343 
4684 249 1425 250 
4685 468 1442 469 
4686 473 1423 474 
4687 252 1444 253 
4688 244 1441 245 
4689 277 1426 278 
4690 280 1450 281 
4691 447 1440 448 
4692 272 1443 273 
4693 452 1424 453 
4694 6 1448 242 
4695 283 1454 12 
4696 10 1452 270 
4697 247 1430 248 
4698 455 1451 456 
4699 15 1456 305 
4700 19 1458 340 
4701 34 1445 466 
4702 476 1447 477 
4703 23 1460 375 
4704 450 1429 451 
4705 310 1438 311 
4706 345 1437 346 
4707 380 1439 381 
4708 375 2935 376 
4709 2292 2352 2291 
4710 2290 2350 2289 
4711 250 2940 251 
4712 282 2941 283 
4713 281 2936 282 
4714 449 2939 450 
4715 457 1625 458 
4716 254 1626 255 
4717 305 2937 306 
4718 340 2938 341 
4719 445 1627 446 
4720 2185 2186 2183 
4721 1422 2919 1522 
4722 2394 2993 2086 
4723 1376 1377 1375 
4724 1959 1962 1960 
4725 1788 2926 1844 
4726 1400 1401 1364 
4727 2009 2903 1733 
4728 1893 2243 1851 
4729 255 2943 8 
4730 1691 2992 1633 
4731 1378 1379 1377 
4732 2010 2902 1731 
4733 458 2942 31 
4734 1420 2962 1422 
4735 1991 2144 1992 
4736 1582 2808 1512 
4737 1581 2807 1514 
4738 2097 2098 2096 
4739 1493 2789 1667 
4740 2548 2891 2546 
4741 2404 2491 2403 
4742 1749 2902 1916 
4743 1367 1436 32 
4744 2484 2694 2196 
4745 1795 1991 1796 
4746 2258 3342 2259 
4747 1746 2903 1915 
4748 2402 2403 2401 
4749 2246 2971 2955 
4750 2247 2972 2956 
4751 1470 1471 1401 
4752 69 3326 2728 
4753 118 3327 2730 
4754 2189 2190 2187 
4755 2583 2586 2585 
4756 1962 1974 1966 
4757 2426 2700 1900 
4758 2414 2699 1907 
4759 2418 2698 1914 
4760 1709 1795 1710 
4761 2395 2463 2396 
4762 1945 1948 1947 
4763 32 2944 445 
4764 1547 2894 1668 
4765 1541 2931 1674 
4766 2202 2204 2203 
4767 2193 2194 2191 
4768 1938 1941 1940 
4769 1962 1966 1963 
4770 2449 3057 2094 
4771 1479 1546 1478 
4772 1393 1421 1420 
4773 2393 2395 2394 
4774 2172 2920 1720 
4775 2054 2055 2052 
4776 2644 3120 1417 
4777 2569 2580 2570 
4778 479 2952 36 
4779 2589 2592 2591 
4780 2544 2626 2576 
4781 2357 2901 2900 
4782 2229 2230 2211 
4783 1618 1729 1682 
4784 1893 2427 2361 
4785 2442 3366 1906 
4786 2444 3365 1913 
4787 478 1657 479 
4788 2248 2974 2959 
4789 2093 3062 2449 
4790 1904 1905 1902 
4791 1911 1912 1909 
4792 2047 2048 2045 
4793 2645 3445 3337 
4794 1897 1898 1895 
4795 1874 2179 1873 
4796 2411 3216 2413 
4797 2415 3217 2417 
4798 2917 3244 1645 
4799 1367 1758 1436 
4800 1540 1543 1541 
4801 1585 2978 2894 
4802 2085 2086 2069 
4803 1795 2158 1991 
4804 1974 2401 2356 
4805 1847 2898 2292 
4806 1845 2899 2290 
4807 1932 1935 1933 
4808 1421 1478 1420 
4809 1692 1850 1849 
4810 2423 3214 2425 
4811 2355 2393 2086 
4812 1540 1631 1543 
4813 2099 2963 2314 
4814 2216 2221 2214 
4815 2212 2229 2211 
4816 2099 2263 2098 
4817 2267 2963 2099 
4818 481 2983 482 
4819 1452 3373 2624 
4820 2180 2335 2179 
4821 2074 2075 2072 
4822 1935 1937 1936 
4823 1966 2900 1963 
4824 1741 2905 2899 
4825 1736 2906 2898 
4826 34 1446 1445 
4827 1454 1455 12 
4828 23 1461 1460 
4829 1859 2358 1929 
4830 2357 2900 1966 
4831 1974 2356 1966 
4832 2580 2595 2581 
4833 1536 2924 1537 
4834 2070 2085 2069 
4835 1629 1633 1630 
4836 2617 3321 1428 
4837 2923 2962 1478 
4838 1531 2945 1533 
4839 10 1453 1452 
4840 6 1449 1448 
4841 1638 1692 1691 
4842 1434 1731 1685 
4843 1435 1733 1686 
4844 2090 2514 2370 
4845 15 1457 1456 
4846 19 1459 1458 
4847 1692 2933 1850 
4848 2103 2789 1548 
4849 1413 1521 1520 
4850 1414 1519 1518 
4851 1977 1978 1976 
4852 2229 2365 2230 
4853 1951 1954 1953 
4854 2060 2061 2058 
4855 24 2979 1618 
4856 1639 1711 1709 
4857 1844 2987 1380 
4858 1514 2807 1571 
4859 1631 1639 1632 
4860 1512 2808 1573 
4861 1731 2902 1685 
4862 2225 2227 2226 
4863 1733 2903 1686 
4864 1673 2907 1809 
4865 1672 2911 1812 
4866 2085 2355 2086 
4867 2327 2808 1582 
4868 1941 1998 1942 
4869 1522 2919 1587 
4870 2586 2588 2587 
4871 2090 2354 2075 
4872 2195 2197 2194 
4873 2326 2807 1581 
4874 2258 2259 1982 
4875 1718 1791 1697 
4876 1719 1793 1698 
4877 1692 1849 1691 
4878 2292 2353 2352 
4879 2290 2351 2350 
4880 1948 1950 1949 
4881 2384 3015 2120 
4882 2041 2042 2040 
4883 1792 1901 1791 
4884 1794 1908 1793 
4885 2592 2601 2600 
4886 1906 2138 1905 
4887 1913 2139 1912 
4888 1674 2931 1787 
4889 2043 2044 2042 
4890 2208 2210 2206 
4891 1943 2275 2274 
4892 1493 1667 1569 
4893 2198 2278 2197 
4894 3230 3517 1986 
4895 2049 2089 2048 
4896 2356 2410 2357 
4897 2056 2057 2055 
4898 1631 1632 1543 
4899 2908 3343 2351 
4900 2912 3344 2353 
4901 1899 2137 1898 
4902 2227 2320 2318 
4903 1639 1709 1632 
4904 2152 2727 2153 
4905 2155 2729 2156 
4906 1884 1894 1883 
4907 3005 3181 2221 
4908 1723 1827 1768 
4909 1724 1828 1769 
4910 1844 3048 2987 
4911 1679 1866 1865 
4912 1677 1868 1867 
4913 2568 2577 2571 
4914 1957 1961 1959 
4915 1882 1883 1880 
4916 1562 1713 1712 
4917 1543 2931 1541 
4918 1519 2906 1518 
4919 1521 2905 1520 
4920 1512 1573 1572 
4921 1514 1571 1570 
4922 1629 1638 1633 
4923 1578 3096 2460 
4924 1849 1893 1851 
4925 1422 2962 2919 
4926 1943 2397 2275 
4927 1866 2287 2286 
4928 2421 2422 1892 
4929 2419 2420 1891 
4930 2550 2558 2552 
4931 1494 1765 1456 
4932 1496 1766 1458 
4933 1800 1943 1864 
4934 1643 1656 1572 
4935 1642 1655 1570 
4936 1807 1808 1654 
4937 1810 1811 1653 
4938 1565 1576 1528 
4939 1567 1577 1526 
4940 2202 2203 2200 
4941 1490 1764 1460 
4942 2031 2298 2297 
4943 2030 2301 2300 
4944 2187 2991 2186 
4945 1725 1786 1655 
4946 1726 1785 1656 
4947 2300 2302 1871 
4948 2297 2299 1872 
4949 2604 2605 2571 
4950 1461 1491 1490 
4951 1525 1549 1455 
4952 1446 1524 1523 
4953 1573 1671 1643 
4954 1571 1670 1642 
4955 1725 2030 1871 
4956 1726 2031 1872 
4957 2266 2374 2373 
4958 1667 1797 1727 
4959 1893 2361 2243 
4960 2066 2068 2064 
4961 1727 1728 1569 
4962 1557 1575 1523 
4963 1525 1574 1563 
4964 1890 2409 2408 
4965 1652 1805 1804 
4966 1673 1809 1807 
4967 1672 1812 1810 
4968 1869 2175 2125 
4969 1885 2029 1712 
4970 1809 2399 1892 
4971 1812 2398 1891 
4972 1869 1870 1728 
4973 1524 1558 1557 
4974 1563 1564 1549 
4975 1652 1669 1564 
4976 1804 1806 1669 
4977 1890 2242 1806 
4978 2264 2266 2265 
4979 1566 1673 1654 
4980 1568 1672 1653 
4981 1713 2264 1885 
4982 1977 2337 2304 
4983 1457 1495 1494 
4984 1459 1497 1496 
4985 1400 1470 1401 
4986 2901 2998 2900 
4987 2318 2319 2226 
4988 1638 1691 1633 
4989 1618 1730 1729 
4990 2372 2488 2319 
4991 1527 1568 1567 
4992 1529 1566 1565 
4993 2038 2980 2441 
4994 2051 3148 2526 
4995 1365 3049 424 
4996 1453 1529 1528 
4997 1449 1527 1526 
4998 1530 1616 1531 
4999 1537 2924 1540 
5000 1383 2987 2929 
5001 1968 1973 1970 
5002 1493 1569 1491 
5003 1380 2987 1379 
5004 2204 2234 2203 
5005 2234 2276 2203 
5006 1470 1530 1471 
5007 1400 1544 1470 
5008 2555 2891 2548 
5009 1954 2131 1955 
5010 2062 2130 2061 
5011 1599 3079 2777 
5012 1370 3063 1464 
5013 2220 2232 2218 
5014 1530 1635 1616 
5015 2556 2594 2569 
5016 1972 1977 1976 
5017 427 3060 1551 
5018 425 3049 1757 
5019 1758 1859 1436 
5020 147 3068 146 
5021 1950 3007 1951 
5022 2058 3008 2057 
5023 1859 1860 1436 
5024 1434 1732 1731 
5025 1435 1734 1733 
5026 429 3065 2169 
5027 2082 2087 2080 
5028 2883 3163 1641 
5029 1954 2308 2131 
5030 2130 2309 2061 
5031 1478 2962 1420 
5032 2076 2090 2075 
5033 1833 3183 2476 
5034 2450 3193 2452 
5035 2783 3035 2007 
5036 1983 2961 1758 
5037 1414 1662 1519 
5038 1413 1658 1521 
5039 1635 1700 1681 
5040 1379 2987 1383 
5041 2538 2975 2172 
5042 2225 2226 2223 
5043 1551 3065 428 
5044 2179 2181 1873 
5045 1980 2258 1982 
5046 2562 2574 2560 
5047 1700 1873 1800 
5048 2485 2487 2287 
5049 1679 1865 1670 
5050 1677 1867 1671 
5051 2568 2571 2566 
5052 1512 1572 1495 
5053 1514 1570 1497 
5054 2017 2283 2282 
5055 2022 2285 2284 
5056 2027 2280 2279 
5057 1562 1712 1560 
5058 2312 2313 1797 
5059 2916 3347 2341 
5060 1935 1995 1937 
5061 1700 1800 1681 
5062 2135 2985 2103 
5063 1937 2996 1938 
5064 2190 2991 2187 
5065 1533 2945 1536 
5066 1938 2996 1941 
5067 2090 2370 2354 
5068 1734 1857 1733 
5069 1732 1855 1731 
5070 1785 2966 2020 
5071 1786 2967 2015 
5072 1635 1681 1616 
5073 1708 3069 440 
5074 1724 2154 1828 
5075 1723 2151 1827 
5076 1373 3021 1415 
5077 1995 2390 1937 
5078 483 3025 484 
5079 2586 2602 2588 
5080 2155 2730 2729 
5081 2152 2728 2727 
5082 1901 2121 1791 
5083 1908 2122 1793 
5084 1941 2363 1998 
5085 2789 2985 2157 
5086 2042 2050 2040 
5087 3298 3424 2748 
5088 1894 2120 1883 
5089 2138 2315 1905 
5090 2139 2316 1912 
5091 2197 2310 2194 
5092 1948 2150 1950 
5093 2137 2311 1898 
5094 2089 2360 2048 
5095 1931 1932 1930 
5096 2057 2148 2055 
5097 1616 2945 1531 
5098 1734 1858 1857 
5099 1732 1856 1855 
5100 1662 1663 1519 
5101 1658 1659 1521 
5102 1757 3060 426 
5103 1375 3021 1373 
5104 1905 3012 1902 
5105 1912 3013 1909 
5106 1662 1664 1663 
5107 1658 1660 1659 
5108 1929 1930 1860 
5109 1832 3196 2459 
5110 242 3061 243 
5111 1730 1852 1729 
5112 2154 2155 1828 
5113 2151 2152 1827 
5114 1977 2304 1978 
5115 2872 3361 1623 
5116 1730 1853 1852 
5117 1856 2037 1855 
5118 1858 2039 1857 
5119 1898 3016 1895 
5120 441 3069 1391 
5121 1902 3012 1901 
5122 1909 3013 1908 
5123 2038 2249 2037 
5124 2227 2318 2226 
5125 1931 1934 1932 
5126 1856 2038 2037 
5127 2602 2603 2588 
5128 1901 2385 2121 
5129 1908 2387 2122 
5130 1864 2989 1681 
5131 2038 2250 2249 
5132 1446 1523 1445 
5133 1461 1490 1460 
5134 1454 1525 1455 
5135 2595 3022 2581 
5136 1660 1697 1661 
5137 1664 1698 1665 
5138 1868 2288 1867 
5139 1866 2286 1865 
5140 1853 1879 1852 
5141 2172 2975 2920 
5142 1858 2040 2039 
5143 1647 3075 415 
5144 1894 2382 2120 
5145 2250 2251 2249 
5146 2150 2262 1950 
5147 1697 1723 1661 
5148 1698 1724 1665 
5149 1660 1661 1659 
5150 1664 1665 1663 
5151 1998 3026 1942 
5152 1457 1494 1456 
5153 1459 1496 1458 
5154 2402 2995 2404 
5155 1895 3016 1894 
5156 2250 2343 2251 
5157 2057 2260 2148 
5158 2337 2473 2304 
5159 2577 2604 2571 
5160 1880 1881 1879 
5161 1571 1642 1570 
5162 1573 1643 1572 
5163 1667 1727 1569 
5164 1453 1528 1452 
5165 1449 1526 1448 
5166 2398 2419 1891 
5167 2399 2421 1892 
5168 1853 1880 1879 
5169 2318 2372 2319 
5170 1812 1891 1810 
5171 1809 1892 1807 
5172 1643 1726 1656 
5173 1642 1725 1655 
5174 2385 2386 2121 
5175 2387 2388 2122 
5176 1713 1885 1712 
5177 456 3042 457 
5178 2030 2300 1871 
5179 2031 2297 1872 
5180 1726 1872 1785 
5181 1725 1871 1786 
5182 1495 2970 1494 
5183 1497 2969 1496 
5184 1673 1807 1654 
5185 1672 1810 1653 
5186 1568 1653 1567 
5187 1566 1654 1565 
5188 2382 2383 2120 
5189 2266 2373 2265 
5190 453 3020 454 
5191 1524 1557 1523 
5192 1525 1563 1549 
5193 1727 1869 1728 
5194 1869 2125 1870 
5195 1563 1652 1564 
5196 1558 1651 1557 
5197 1652 1804 1669 
5198 1804 1890 1806 
5199 1890 2408 2242 
5200 1851 2992 1691 
5201 1491 2973 1490 
5202 2264 2265 1885 
5203 1540 2924 1631 
5204 1460 2935 375 
5205 1425 2940 250 
5206 283 2941 1454 
5207 1450 2936 281 
5208 450 2939 1429 
5209 2936 2941 282 
5210 1456 2937 305 
5211 1458 2938 340 
5212 1368 3072 1485 
5213 2052 3027 2049 
5214 1527 1567 1526 
5215 1529 1565 1528 
5216 2581 3022 2583 
5217 2004 3050 1999 
5218 1942 3026 1945 
5219 2214 2982 2212 
5220 1626 2943 255 
5221 2200 2977 2198 
5222 2212 2982 2229 
5223 1625 2942 458 
5224 1929 1931 1930 
5225 2396 3014 2394 
5226 2624 3395 1452 
5227 2049 3027 2089 
5228 2007 3064 2790 
5229 1931 3019 2359 
5230 2647 3043 1419 
5231 20 3024 1413 
5232 16 3023 1414 
5233 1859 1929 1860 
5234 2061 3008 2058 
5235 1951 3007 1954 
5236 2591 3116 2596 
5237 1711 2976 1709 
5238 445 2944 1627 
5239 1709 2976 1795 
5240 2198 2977 2278 
5241 2940 3380 2338 
5242 2281 3040 2177 
5243 2719 3147 2101 
5244 2072 2984 2070 
5245 2667 2991 2665 
5246 1795 2976 2158 
5247 1955 2988 1957 
5248 1850 2986 1849 
5249 2070 2984 2085 
5250 2846 3066 1403 
5251 1893 2986 2427 
5252 2900 2998 1965 
5253 2728 3402 69 
5254 2730 3401 118 
5255 2168 3271 3128 
5256 1758 2961 1859 
5257 1859 2961 2358 
5258 2094 3057 2786 
5259 2987 3048 2929 
5260 1657 2952 479 
5261 3063 3160 1464 
5262 2611 3420 2597 
5263 2221 2982 2214 
5264 1962 2997 1974 
5265 3070 3134 2169 
5266 2343 3543 3172 
5267 1812 3044 2398 
5268 1809 3045 2399 
5269 2086 2993 2069 
5270 2354 2984 2075 
5271 3099 3154 1636 
5272 2131 2988 1955 
5273 1965 2998 1968 
5274 2055 3027 2052 
5275 2915 3272 2039 
5276 1618 2979 1730 
5277 2075 2984 2072 
5278 2069 2993 2066 
5279 1959 2997 1962 
5280 2583 3022 2586 
5281 2302 2967 1871 
5282 2299 2966 1872 
5283 2045 3067 2044 
5284 2218 3005 2216 
5285 1569 2973 1491 
5286 1941 2996 2363 
5287 2315 3012 1905 
5288 2316 3013 1912 
5289 1978 2999 1980 
5290 1572 2970 1495 
5291 1570 2969 1497 
5292 2536 3524 3100 
5293 2311 3016 1898 
5294 1945 3026 1948 
5295 1560 3001 1558 
5296 2223 3002 2220 
5297 1872 2966 1785 
5298 1871 2967 1786 
5299 1849 2986 1893 
5300 2203 2977 2200 
5301 2358 3019 1929 
5302 2262 3007 1950 
5303 2560 3006 2555 
5304 1970 3000 1972 
5305 1451 3042 456 
5306 2057 3008 2260 
5307 457 3042 1625 
5308 2566 3009 2564 
5309 1424 3020 453 
5310 2015 3010 2017 
5311 2020 3011 2022 
5312 246 3041 247 
5313 1655 2969 1570 
5314 1656 2970 1572 
5315 1616 2989 2945 
5316 2062 3017 2130 
5317 1646 3095 366 
5318 2103 2985 2789 
5319 2064 3017 2062 
5320 424 3049 425 
5321 2216 3005 2221 
5322 1728 2973 1569 
5323 3186 3222 2025 
5324 3125 3435 2166 
5325 1764 2935 1460 
5326 1957 2988 1961 
5327 1765 2937 1456 
5328 1766 2938 1458 
5329 1961 2997 1959 
5330 2066 2993 2068 
5331 2091 3534 2508 
5332 1629 3018 1638 
5333 2781 3108 2391 
5334 1681 2989 1616 
5335 2737 3226 1554 
5336 3082 3114 2137 
5337 11 3059 277 
5338 2886 3051 1843 
5339 2757 3460 3156 
5340 1999 3050 2528 
5341 2046 3148 2047 
5342 2390 2996 1937 
5343 1587 3018 1629 
5344 247 3041 1430 
5345 1943 2994 2397 
5346 2274 3126 1864 
5347 460 3100 461 
5348 2392 3261 2776 
5349 1954 3007 2308 
5350 2309 3008 2061 
5351 1800 2994 1943 
5352 2304 2999 1978 
5353 2292 3054 2353 
5354 2290 3053 2351 
5355 2908 3340 2910 
5356 2912 3341 2914 
5357 1873 2994 1800 
5358 1558 3001 1651 
5359 2688 3146 2100 
5360 2029 3001 1712 
5361 2181 2994 1873 
5362 2605 3009 2571 
5363 1977 3000 2337 
5364 1811 3028 1653 
5365 2919 3018 1587 
5366 1808 3029 1654 
5367 2056 3166 2059 
5368 2422 3030 1892 
5369 2420 3031 1891 
5370 2319 3002 2226 
5371 2276 2977 2203 
5372 1901 3012 2385 
5373 1908 3013 2387 
5374 277 3059 1426 
5375 1968 2998 1973 
5376 1726 3033 2031 
5377 1725 3034 2030 
5378 1890 3036 2409 
5379 1652 3037 1805 
5380 1867 3033 1671 
5381 1865 3034 1670 
5382 1894 3016 2382 
5383 2335 3199 2668 
5384 1869 3038 2175 
5385 1567 3028 1577 
5386 2068 3017 2064 
5387 1565 3029 1576 
5388 2014 3055 2969 
5389 2019 3056 2970 
5390 3160 3208 3051 
5391 1807 3030 1808 
5392 1810 3031 1811 
5393 1791 3003 1697 
5394 1793 3004 1698 
5395 2313 3038 1797 
5396 2232 3005 2218 
5397 3087 3118 2138 
5398 3086 3119 2139 
5399 1671 3033 1643 
5400 1670 3034 1642 
5401 1805 3036 1804 
5402 1574 3037 1563 
5403 2931 3064 1787 
5404 1413 3024 1658 
5405 1414 3023 1662 
5406 2631 3073 2632 
5407 2341 3433 2342 
5408 3187 3449 1934 
5409 1797 3038 1727 
5410 1723 3003 2151 
5411 1724 3004 2154 
5412 2220 3002 2232 
5413 2633 3259 1505 
5414 1973 3000 1970 
5415 1883 3015 1880 
5416 1980 2999 2258 
5417 1972 3000 1977 
5418 1929 3019 1931 
5419 1698 3004 1724 
5420 1697 3003 1723 
5421 2226 3002 2223 
5422 1536 3052 2924 
5423 1985 3254 3135 
5424 2586 3022 2602 
5425 2148 3027 2055 
5426 3043 3481 2715 
5427 2905 3053 2899 
5428 2906 3054 2898 
5429 1712 3001 1560 
5430 2574 3006 2560 
5431 426 3060 427 
5432 2825 3089 2734 
5433 1530 3032 1635 
5434 2555 3006 2891 
5435 2571 3009 2566 
5436 2773 3062 2093 
5437 1880 3015 1881 
5438 2017 3010 2283 
5439 2022 3011 2285 
5440 35 3097 473 
5441 2967 3010 2015 
5442 2966 3011 2020 
5443 1948 3026 2150 
5444 1940 3159 1939 
5445 2024 3058 2973 
5446 378 3105 379 
5447 1496 3055 1766 
5448 1494 3056 1765 
5449 2230 3078 2211 
5450 2929 3048 2779 
5451 2121 3003 1791 
5452 2122 3004 1793 
5453 1544 3032 1470 
5454 30 3063 1370 
5455 3019 3320 1634 
5456 2924 3052 2124 
5457 2120 3015 1883 
5458 1604 3152 41 
5459 1366 3205 2757 
5460 1469 3243 2679 
5461 1470 3032 1530 
5462 2098 3093 2129 
5463 232 3153 1597 
5464 1601 3255 2487 
5465 1423 3071 474 
5466 308 3109 309 
5467 343 3111 344 
5468 2899 3053 2290 
5469 2898 3054 2292 
5470 57 3144 56 
5471 106 3143 105 
5472 428 3065 429 
5473 3018 3074 1861 
5474 2615 3323 2614 
5475 2913 3044 2911 
5476 2909 3045 2907 
5477 1490 3058 1764 
5478 2338 3166 2054 
5479 2945 3052 1536 
5480 1653 3028 1567 
5481 1654 3029 1565 
5482 1891 3031 1810 
5483 1892 3030 1807 
5484 87 3122 86 
5485 136 3123 135 
5486 185 3124 184 
5487 89 3125 88 
5488 1643 3033 1726 
5489 1642 3034 1725 
5490 2295 3447 2296 
5491 1804 3036 1890 
5492 1563 3037 1652 
5493 389 3128 390 
5494 436 3127 437 
5495 410 3129 411 
5496 263 3131 264 
5497 235 3130 236 
5498 333 3132 334 
5499 298 3133 299 
5500 438 3134 439 
5501 319 3137 320 
5502 354 3136 355 
5503 326 3138 327 
5504 361 3135 362 
5505 396 3139 397 
5506 1727 3038 1869 
5507 2348 3070 2774 
5508 146 3068 1508 
5509 2208 3078 2210 
5510 2872 3349 2336 
5511 2884 3381 2325 
5512 403 3142 404 
5513 460 3224 3100 
5514 1683 3054 2906 
5515 1684 3053 2905 
5516 440 3069 441 
5517 2192 3193 2450 
5518 2013 3066 2846 
5519 2969 3055 1496 
5520 2970 3056 1494 
5521 2855 3265 2809 
5522 2790 3064 2931 
5523 3003 3080 2151 
5524 3004 3081 2154 
5525 474 3071 475 
5526 2616 3321 2617 
5527 2753 3253 1611 
5528 1989 3513 3130 
5529 1987 3512 3131 
5530 2849 3520 3133 
5531 338 3145 339 
5532 40 3152 2164 
5533 2166 3153 233 
5534 1787 3064 2146 
5535 1473 3301 2475 
5536 2614 3323 3316 
5537 2973 3058 1490 
5538 2146 3369 2460 
5539 2989 3052 2945 
5540 2895 3267 2916 
5541 2048 3067 2045 
5542 2816 3147 2400 
5543 2360 3067 2048 
5544 2481 3160 3063 
5545 2460 3466 2146 
5546 2152 3076 2728 
5547 2155 3077 2730 
5548 2506 3503 2504 
5549 2281 3047 3040 
5550 2457 3357 1621 
5551 2031 3085 2298 
5552 2030 3084 2301 
5553 3048 3096 2779 
5554 2121 3080 3003 
5555 2122 3081 3004 
5556 1448 3061 242 
5557 1805 3046 3036 
5558 1485 3072 1584 
5559 2923 3107 3074 
5560 2405 3157 2134 
5561 2700 3350 2438 
5562 2737 3238 3226 
5563 2685 3094 2046 
5564 1865 3084 3034 
5565 1867 3085 3033 
5566 415 3075 416 
5567 2965 3172 2662 
5568 2714 3079 1599 
5569 2911 3044 1812 
5570 2907 3045 1809 
5571 1990 3518 3132 
5572 1637 3154 1854 
5573 2886 3089 3051 
5574 2770 3127 1707 
5575 2217 3194 2219 
5576 2923 3074 2962 
5577 2916 3267 1575 
5578 2191 3121 2190 
5579 2357 3149 2901 
5580 3051 3089 2825 
5581 1505 3276 78 
5582 2337 3539 2474 
5583 2883 3188 3163 
5584 2690 3088 2691 
5585 2698 3354 2444 
5586 2699 3353 2442 
5587 2129 3141 2096 
5588 1896 3214 2423 
5589 2274 3158 3126 
5590 1903 3216 2411 
5591 1910 3217 2415 
5592 2919 3074 3018 
5593 2211 3078 2208 
5594 3347 3433 2341 
5595 1596 3197 2643 
5596 2517 3083 2240 
5597 3352 3455 1850 
5598 1606 3202 2658 
5599 1607 3203 2659 
5600 2693 3205 2692 
5601 2407 3164 2118 
5602 2962 3074 2919 
5603 2594 3481 3043 
5604 2562 3091 2574 
5605 2462 3367 1408 
5606 3034 3084 2030 
5607 3033 3085 2031 
5608 2577 3101 2604 
5609 2154 3077 2155 
5610 2151 3076 2152 
5611 2204 3117 2234 
5612 2879 3307 1500 
5613 2880 3308 1502 
5614 3074 3107 1861 
5615 2188 3193 2189 
5616 2452 3185 1447 
5617 2881 3311 1501 
5618 2739 3195 2738 
5619 1939 3098 2683 
5620 1424 3104 3020 
5621 2384 3477 3102 
5622 2234 3464 3120 
5623 2210 3117 2206 
5624 2365 3161 2230 
5625 3009 3091 2564 
5626 2736 3238 2737 
5627 2951 3163 2751 
5628 3244 3520 2849 
5629 3239 3513 1989 
5630 3240 3512 1987 
5631 466 3165 467 
5632 2731 3212 2377 
5633 451 3167 33 
5634 2091 3488 2472 
5635 2743 3246 2744 
5636 2741 3245 2742 
5637 1641 3163 2951 
5638 2377 3221 1689 
5639 1854 3089 2886 
5640 1507 3260 2639 
5641 342 3150 1431 
5642 307 3151 1432 
5643 2612 3225 2611 
5644 2640 3330 1600 
5645 2938 3150 341 
5646 2937 3151 306 
5647 2386 3080 2121 
5648 2388 3081 2122 
5649 2939 3386 1429 
5650 2681 3319 2682 
5651 2779 3096 1578 
5652 1639 3158 1711 
5653 1882 3214 1884 
5654 366 3095 367 
5655 2604 3090 2605 
5656 377 3155 1433 
5657 2935 3155 376 
5658 2670 3174 1612 
5659 1718 3216 1792 
5660 1719 3217 1794 
5661 1660 3175 1718 
5662 1664 3176 1719 
5663 2564 3091 2562 
5664 1853 3173 1882 
5665 3241 3518 1990 
5666 2280 3082 2279 
5667 2806 3271 2843 
5668 2310 3121 2194 
5669 2646 3252 1509 
5670 2286 3084 1865 
5671 2288 3085 1867 
5672 418 3183 1833 
5673 2308 3459 3334 
5674 1790 3188 2883 
5675 2240 3099 2032 
5676 2263 3093 2098 
5677 2501 3540 2500 
5678 2758 3218 2755 
5679 3242 3264 2312 
5680 3024 3440 2413 
5681 3023 3439 2417 
5682 2285 3086 2284 
5683 2283 3087 2282 
5684 2429 3534 2430 
5685 3247 3258 1389 
5686 2488 3495 1506 
5687 461 3100 1588 
5688 3259 3276 1505 
5689 2327 3476 3210 
5690 2245 3187 2244 
5691 2140 3108 2781 
5692 2326 3474 3209 
5693 2529 3337 2130 
5694 473 3097 1423 
5695 369 3196 1832 
5696 1781 3200 2092 
5697 35 3490 3097 
5698 1440 3231 2525 
5699 1835 3381 2884 
5700 1503 3463 2473 
5701 2157 3242 2312 
5702 2579 3101 2577 
5703 1425 3380 2940 
5704 178 3457 3182 
5705 1609 3168 2660 
5706 2419 3371 1387 
5707 2421 3372 1388 
5708 2901 3485 3113 
5709 1390 3487 2408 
5710 1854 3154 3083 
5711 1515 3114 2736 
5712 1404 3322 2873 
5713 2197 3162 2310 
5714 2154 3081 3077 
5715 2151 3080 3076 
5716 1463 3251 165 
5717 164 3251 1596 
5718 1389 3255 55 
5719 2595 3092 3022 
5720 54 3255 1601 
5721 400 3211 401 
5722 66 3256 1606 
5723 115 3257 1607 
5724 1482 3256 67 
5725 1483 3257 116 
5726 3100 3224 2536 
5727 1433 3105 378 
5728 1417 3120 2711 
5729 2604 3530 3090 
5730 2499 3490 2500 
5731 2326 3209 2732 
5732 1516 3118 2741 
5733 1517 3119 2743 
5734 2327 3210 2735 
5735 1510 3489 2514 
5736 1870 3186 2025 
5737 2744 3233 1555 
5738 2742 3232 1556 
5739 1861 3107 2933 
5740 19 3390 2780 
5741 1432 3109 308 
5742 1431 3111 343 
5743 2050 3171 2486 
5744 2527 3249 1444 
5745 3191 3207 108 
5746 3192 3206 59 
5747 2600 3116 2591 
5748 2638 3310 1489 
5749 2180 3199 2335 
5750 1464 3160 2825 
5751 2536 3224 1988 
5752 2384 3102 3015 
5753 2095 3107 2923 
5754 2889 3221 2389 
5755 2660 3168 2661 
5756 2979 3441 2425 
5757 2618 3351 2619 
5758 1447 3185 477 
5759 2825 3160 3051 
5760 2691 3374 1615 
5761 2653 3356 2654 
5762 2979 3173 1730 
5763 2095 3141 3107 
5764 3023 3176 1662 
5765 3024 3175 1658 
5766 478 3185 1657 
5767 2042 3171 2050 
5768 2206 3117 2204 
5769 1391 3177 2964 
5770 2606 3140 2579 
5771 3107 3141 2933 
5772 135 3123 1704 
5773 86 3122 1703 
5774 1701 3125 89 
5775 184 3124 1702 
5776 2448 3333 1550 
5777 2325 3382 2884 
5778 278 3225 279 
5779 1488 3472 2649 
5780 151 3277 1715 
5781 56 3144 1389 
5782 105 3143 1385 
5783 2989 3126 3052 
5784 2614 3321 2613 
5785 1716 3279 122 
5786 1717 3278 73 
5787 2675 3467 1609 
5788 3143 3248 1385 
5789 3144 3247 1389 
5790 1588 3268 2776 
5791 1390 3284 153 
5792 2047 3148 2051 
5793 2101 3147 2816 
5794 1915 3228 1760 
5795 390 3128 1706 
5796 1707 3127 436 
5797 411 3129 2868 
5798 2478 3362 1473 
5799 264 3131 2851 
5800 236 3130 2858 
5801 334 3132 2859 
5802 3490 3529 2500 
5803 299 3133 1834 
5804 1916 3229 1762 
5805 3015 3102 1881 
5806 439 3134 1708 
5807 355 3136 1877 
5808 320 3137 1876 
5809 327 3138 1878 
5810 120 3286 1387 
5811 71 3287 1388 
5812 3022 3092 2602 
5813 397 3139 1835 
5814 2186 3199 2183 
5815 2696 3386 2695 
5816 2215 3540 2217 
5817 404 3142 1402 
5818 2194 3121 2191 
5819 2901 3113 2998 
5820 1577 3201 1526 
5821 2100 3146 2428 
5822 1475 3145 338 
5823 2123 3534 2429 
5824 2376 3267 2235 
5825 2745 3335 2747 
5826 3001 3103 1651 
5827 339 3390 19 
5828 362 3135 2927 
5829 2579 3472 3101 
5830 2656 3452 2655 
5831 341 3150 342 
5832 306 3151 307 
5833 2776 3268 2775 
5834 230 3299 1416 
5835 3174 3494 1612 
5836 3052 3126 2124 
5837 2159 3250 2687 
5838 2233 3194 2760 
5839 2664 3478 2663 
5840 1575 3213 1523 
5841 2556 3204 2594 
5842 2558 3204 2552 
5843 3083 3154 2240 
5844 1368 3313 3072 
5845 3162 3515 2541 
5846 2784 3283 1919 
5847 2096 3141 2095 
5848 2671 3174 2670 
5849 2063 3488 2091 
5850 2601 3262 3046 
5851 1418 3312 43 
5852 376 3155 377 
5853 2998 3113 1973 
5854 1428 3339 2617 
5855 3109 3304 309 
5856 3111 3305 344 
5857 2757 3156 2758 
5858 464 3261 1474 
5859 2500 3540 2231 
5860 3270 3328 3288 
5861 2029 3103 3001 
5862 1864 3126 2989 
5863 2170 3268 2272 
5864 2242 3388 3282 
5865 41 3152 40 
5866 1577 3250 3201 
5867 2313 3115 3038 
5868 1636 3154 1637 
5869 233 3153 232 
5870 1799 3343 2908 
5871 1798 3344 2912 
5872 3105 3309 379 
5873 1944 3159 1940 
5874 1597 3299 231 
5875 2379 3382 2724 
5876 3061 3201 2435 
5877 1394 3336 217 
5878 2596 3431 2599 
5879 2381 3360 2940 
5880 447 3231 1440 
5881 1627 3231 446 
5882 70 3326 69 
5883 119 3327 118 
5884 215 3338 1369 
5885 2410 3149 2357 
5886 2134 3157 2305 
5887 1666 3223 2641 
5888 2012 3198 2763 
5889 42 3312 1604 
5890 2718 3236 2685 
5891 2242 3282 1806 
5892 3038 3115 2175 
5893 3126 3158 2124 
5894 2513 3269 1879 
5895 1630 3320 2174 
5896 2721 3398 1614 
5897 2716 3446 2714 
5898 2032 3315 1789 
5899 2720 3376 1363 
5900 1472 3280 372 
5901 2701 3273 2037 
5902 2027 3222 2280 
5903 2710 3479 2706 
5904 2124 3158 1639 
5905 1832 3285 370 
5906 371 3285 1472 
5907 2009 3209 2903 
5908 2764 3318 2828 
5909 2939 3355 2378 
5910 2832 3294 2831 
5911 2010 3210 2902 
5912 1583 3263 1552 
5913 1403 3349 2872 
5914 2620 3351 2623 
5915 2683 3234 2684 
5916 2822 3302 2800 
5917 1806 3264 1669 
5918 1444 3249 253 
5919 254 3249 1626 
5920 2751 3163 2135 
5921 2476 3183 3075 
5922 1594 3526 130 
5923 2459 3196 3095 
5924 3088 3455 3352 
5925 109 3191 108 
5926 60 3192 59 
5927 2740 3215 1666 
5928 420 3301 1473 
5929 1833 3301 419 
5930 1506 3495 176 
5931 2765 3169 2188 
5932 1769 3293 1665 
5933 1768 3292 1661 
5934 373 3280 1688 
5935 2261 3322 2809 
5936 2299 3179 2966 
5937 2302 3178 2967 
5938 97 3463 1503 
5939 2739 3222 3186 
5940 1608 3463 98 
5941 2701 3314 1868 
5942 128 3489 1510 
5943 174 3480 1487 
5944 2329 3307 2252 
5945 2331 3308 2254 
5946 2684 3454 1860 
5947 2333 3311 2256 
5948 2840 3399 27 
5949 2232 3521 2489 
5950 3048 3475 3096 
5951 2599 3431 3039 
5952 2278 3162 2197 
5953 2798 3332 2797 
5954 3097 3490 2502 
5955 293 3317 1550 
5956 2167 3317 292 
5957 401 3313 402 
5958 2299 3207 3191 
5959 2302 3206 3192 
5960 2118 3164 2293 
5961 2276 3170 2977 
5962 1852 3269 2142 
5963 1556 3192 60 
5964 1555 3191 109 
5965 2054 3166 2056 
5966 2489 3521 2488 
5967 167 3387 166 
5968 2260 3260 2148 
5969 27 3399 403 
5970 295 3333 1645 
5971 1550 3333 294 
5972 2363 3494 3174 
5973 1448 3201 3061 
5974 3210 3476 1916 
5975 2707 3281 2712 
5976 1982 3235 1981 
5977 3072 3313 2380 
5978 1857 3272 2009 
5979 2263 3374 3093 
5980 1855 3273 2010 
5981 77 3530 76 
5982 3209 3474 1915 
5983 2487 3258 2287 
5984 15 3432 2688 
5985 2752 3265 2951 
5986 118 3401 117 
5987 69 3402 68 
5988 2806 3361 2805 
5989 2246 3324 2971 
5990 2247 3325 2972 
5991 2059 3488 2060 
5992 3093 3374 2691 
5993 2335 3253 2179 
5994 2248 3329 2974 
5995 2275 3227 2274 
5996 2190 3393 2991 
5997 2884 3382 1462 
5998 2991 3461 2186 
5999 179 3457 178 
6000 168 3471 167 
6001 2309 3184 3008 
6002 1734 3450 2718 
6003 1659 3292 1684 
6004 1663 3293 1683 
6005 2150 3252 2262 
6006 23 3436 2719 
6007 2662 3172 1595 
6008 1621 3357 2869 
6009 1473 3362 421 
6010 1429 3167 451 
6011 2358 3320 3019 
6012 2528 3383 2269 
6013 12 3425 2160 
6014 3007 3190 2308 
6015 2161 3427 6 
6016 2162 3428 10 
6017 2311 3197 3016 
6018 422 3362 1640 
6019 2080 3275 2078 
6020 1445 3165 466 
6021 1408 3367 2874 
6022 1827 3346 1768 
6023 1828 3345 1769 
6024 2315 3202 3012 
6025 2316 3203 3013 
6026 2890 3303 1934 
6027 2360 3467 3067 
6028 3182 3359 178 
6029 1455 3425 12 
6030 6 3427 1449 
6031 10 3428 1453 
6032 1729 3331 1682 
6033 39 3404 1 
6034 137 3406 2 
6035 1 3404 136 
6036 2 3406 87 
6037 4 3403 185 
6038 186 3403 4 
6039 88 3405 3 
6040 3 3405 234 
6041 388 3408 25 
6042 290 3407 9 
6043 9 3412 263 
6044 332 3410 18 
6045 25 3408 389 
6046 28 3409 410 
6047 9 3407 361 
6048 360 3412 9 
6049 5 3411 235 
6050 325 3411 5 
6051 18 3410 333 
6052 409 3409 28 
6053 437 3413 13 
6054 13 3413 291 
6055 14 3414 298 
6056 297 3414 14 
6057 353 3416 21 
6058 318 3415 17 
6059 17 3415 319 
6060 21 3416 354 
6061 262 3417 5 
6062 5 3417 326 
6063 430 3418 13 
6064 13 3418 438 
6065 486 3419 26 
6066 26 3419 396 
6067 1584 3180 1583 
6068 2089 3168 2360 
6069 2514 3469 2515 
6070 2249 3314 2701 
6071 107 3220 106 
6072 58 3219 57 
6073 423 3400 30 
6074 2836 3516 2457 
6075 2627 3482 2778 
6076 2827 3525 2462 
6077 34 3422 2497 
6078 2589 3306 2592 
6079 1732 3451 2340 
6080 2368 3272 2915 
6081 465 3422 34 
6082 3163 3188 2135 
6083 2279 3363 2438 
6084 310 3304 1438 
6085 345 3305 1437 
6086 2282 3366 2442 
6087 2284 3365 2444 
6088 2624 3527 2622 
6089 380 3309 1439 
6090 304 3432 15 
6091 1585 3369 2978 
6092 374 3436 23 
6093 2486 3171 2934 
6094 1428 3316 276 
6095 1647 3514 3164 
6096 279 3384 280 
6097 3186 3195 2739 
6098 3181 3389 2490 
6099 2977 3170 2278 
6100 2488 3521 2319 
6101 1575 3347 2916 
6102 3101 3472 1488 
6103 2991 3393 2665 
6104 1935 3303 1995 
6105 2366 3180 2171 
6106 2603 3306 2588 
6107 2044 3171 2042 
6108 2350 3396 2289 
6109 2352 3397 2291 
6110 2363 3174 1998 
6111 2744 3246 3233 
6112 2742 3245 3232 
6113 1934 3303 1932 
6114 275 3339 1428 
6115 381 3441 24 
6116 311 3439 16 
6117 346 3440 20 
6118 3067 3467 2676 
6119 1790 3242 3188 
6120 1730 3173 1853 
6121 1443 3348 273 
6122 2667 3461 2991 
6123 3122 3482 1703 
6124 1662 3176 1664 
6125 1658 3175 1660 
6126 1440 3355 448 
6127 449 3355 2939 
6128 3237 3533 3169 
6129 2265 3298 1885 
6130 2244 3434 2992 
6131 1528 3373 1452 
6132 2146 3466 1889 
6133 416 3426 29 
6134 29 3426 417 
6135 2413 3440 1437 
6136 2417 3439 1438 
6137 252 3360 1444 
6138 2940 3360 251 
6139 476 3364 1447 
6140 367 3429 22 
6141 22 3429 368 
6142 26 3430 459 
6143 395 3430 26 
6144 272 3375 1443 
6145 2964 3177 2241 
6146 1805 3448 3046 
6147 3009 3259 3091 
6148 3090 3530 77 
6149 3181 3182 2636 
6150 2090 3469 2514 
6151 477 3185 478 
6152 2281 3381 3047 
6153 2219 3194 2233 
6154 417 3183 418 
6155 1452 3395 270 
6156 3096 3475 2273 
6157 2490 3182 3181 
6158 2425 3441 1439 
6159 2412 3305 3111 
6160 2416 3304 3109 
6161 2426 3350 2700 
6162 2189 3193 2192 
6163 1806 3282 3264 
6164 1557 3347 1575 
6165 2424 3309 3105 
6166 36 3453 1400 
6167 108 3207 107 
6168 59 3206 58 
6169 3215 3223 1666 
6170 2626 3482 2627 
6171 1436 3454 32 
6172 2250 3391 2343 
6173 24 3441 2979 
6174 30 3400 3063 
6175 2078 3469 2076 
6176 8 3450 1435 
6177 31 3451 1434 
6178 2050 3394 2040 
6179 3069 3465 1391 
6180 1708 3462 3069 
6181 1427 3529 472 
6182 2755 3218 1381 
6183 2952 3453 36 
6184 32 3454 2944 
6185 2692 3205 1366 
6186 2943 3450 8 
6187 2942 3451 31 
6188 3035 3369 2146 
6189 16 3439 3023 
6190 20 3440 3024 
6191 2373 3471 3424 
6192 2569 3377 2580 
6193 2359 3187 1934 
6194 2125 3186 1870 
6195 2996 3266 2363 
6196 3222 3226 2280 
6197 1515 3496 3114 
6198 2967 3178 3010 
6199 2966 3179 3011 
6200 2738 3195 2740 
6201 2414 3353 2699 
6202 2418 3354 2698 
6203 1516 3501 3118 
6204 1517 3502 3119 
6205 2841 3254 1985 
6206 3098 3500 3234 
6207 2243 3392 2245 
6208 368 3196 369 
6209 3120 3464 2711 
6210 2397 3542 3218 
6211 3218 3542 1381 
6212 3158 3227 1711 
6213 2926 3475 1844 
6214 2183 3199 2180 
6215 2348 3462 3070 
6216 2174 3212 2731 
6217 3008 3184 2260 
6218 3078 3479 2210 
6219 2135 3188 2985 
6220 1780 3200 1781 
6221 3071 3364 475 
6222 3234 3500 1627 
6223 3328 3356 2084 
6224 1843 3208 2782 
6225 1445 3213 3165 
6226 3226 3238 2280 
6227 2262 3190 3007 
6228 2765 3237 3169 
6229 2230 3458 3078 
6230 2609 3323 2615 
6231 1981 3235 2012 
6232 1884 3214 1896 
6233 2552 3204 2556 
6234 2994 3289 2397 
6235 1792 3216 1903 
6236 1794 3217 1910 
6237 3201 3250 2435 
6238 3106 3350 2426 
6239 1462 3211 400 
6240 1689 3221 2889 
6241 2347 3465 3069 
6242 3091 3259 2633 
6243 1526 3201 1448 
6244 3069 3462 2347 
6245 3424 3471 1386 
6246 1983 3212 2961 
6247 2432 3380 1425 
6248 2903 3209 1915 
6249 2902 3210 1916 
6250 3250 3288 2687 
6251 3206 3219 58 
6252 3207 3220 107 
6253 2297 3207 2299 
6254 2300 3206 2302 
6255 3290 3483 3103 
6256 3016 3197 2382 
6257 2513 3358 2264 
6258 2842 3230 1986 
6259 178 3359 177 
6260 3189 3398 2721 
6261 1554 3226 2739 
6262 2451 3364 3071 
6263 2175 3223 3215 
6264 3085 3248 2298 
6265 3084 3247 2301 
6266 3112 3353 2414 
6267 3110 3354 2418 
6268 3031 3296 3291 
6269 3012 3202 2385 
6270 3013 3203 2387 
6271 2708 3479 3078 
6272 2299 3191 3179 
6273 2302 3192 3178 
6274 2175 3215 2125 
6275 1523 3213 1445 
6276 2397 3218 2275 
6277 459 3224 460 
6278 2125 3215 3195 
6279 3067 3456 2044 
6280 2766 3237 2765 
6281 2301 3219 2300 
6282 2298 3220 2297 
6283 2489 3389 2232 
6284 3051 3208 1843 
6285 2497 3422 3108 
6286 1760 3228 1780 
6287 2025 3222 2027 
6288 3236 3536 3094 
6289 2833 3230 2832 
6290 2679 3243 2680 
6291 1762 3229 1815 
6292 3078 3458 2708 
6293 1790 3264 3242 
6294 446 3231 447 
6295 3046 3295 3036 
6296 1626 3536 3236 
6297 2300 3219 3206 
6298 2297 3220 3207 
6299 1426 3225 278 
6300 3172 3543 1595 
6301 2474 3485 2791 
6302 2129 3352 3141 
6303 2933 3352 1850 
6304 2332 3240 2331 
6305 2330 3239 2329 
6306 2644 3473 3120 
6307 3168 3491 2661 
6308 2627 3446 2882 
6309 3178 3192 1556 
6310 3179 3191 1555 
6311 1475 3528 3145 
6312 2843 3271 2168 
6313 2334 3241 2333 
6314 2148 3491 3027 
6315 3195 3215 2740 
6316 3026 3497 2150 
6317 2648 3377 3043 
6318 3178 3232 3010 
6319 3179 3233 3011 
6320 2759 3370 1450 
6321 2671 3497 3174 
6322 1683 3341 3054 
6323 1684 3340 3053 
6324 2871 3239 1989 
6325 2845 3240 1987 
6326 1645 3244 2849 
6327 1621 3504 2457 
6328 2850 3241 1990 
6329 3180 3537 1583 
6330 3098 3234 2683 
6331 1715 3262 2638 
6332 3000 3539 2337 
6333 3002 3521 2232 
6334 1408 3508 2462 
6335 1657 3533 3237 
6336 3113 3539 1973 
6337 253 3249 254 
6338 1509 3252 2671 
6339 2944 3234 1627 
6340 2661 3260 1507 
6341 2454 3244 2917 
6342 2496 3334 1416 
6343 2274 3227 3158 
6344 2783 3368 2978 
6345 3010 3232 2283 
6346 3011 3233 2285 
6347 3099 3263 2371 
6348 3096 3466 2460 
6349 1626 3236 2943 
6350 167 3471 3274 
6351 2676 3456 3067 
6352 2980 3235 2441 
6353 2951 3425 1641 
6354 2267 3368 2963 
6355 1657 3237 2952 
6356 2435 3250 2159 
6357 2809 3265 2752 
6358 2089 3491 3168 
6359 1881 3358 2513 
6360 3059 3420 1426 
6361 3031 3291 1811 
6362 2963 3368 1992 
6363 2685 3236 3094 
6364 2366 3537 3180 
6365 2799 3254 2798 
6366 165 3251 164 
6367 3088 3352 2129 
6368 2298 3248 3143 
6369 2301 3247 3144 
6370 1556 3232 3178 
6371 1555 3233 3179 
6372 2242 3487 3388 
6373 2599 3370 2598 
6374 2235 3267 2895 
6375 1995 3243 2390 
6376 2598 3370 2759 
6377 3233 3246 2285 
6378 3232 3245 2283 
6379 3174 3497 1998 
6380 2474 3539 3113 
6381 55 3255 54 
6382 1636 3263 3099 
6383 2870 3516 2092 
6384 67 3256 66 
6385 116 3257 115 
6386 2082 3437 2087 
6387 2092 3470 2870 
6388 3373 3527 2624 
6389 3079 3446 2627 
6390 3274 3387 167 
6391 2462 3525 3367 
6392 2457 3516 3357 
6393 2985 3242 2157 
6394 463 3261 464 
6395 2179 3253 2181 
6396 3188 3242 2985 
6397 2775 3268 2170 
6398 3167 3503 33 
6399 3043 3377 2594 
6400 2278 3515 3162 
6401 2885 3331 2142 
6402 1552 3263 1636 
6403 2287 3258 2286 
6404 3288 3328 2687 
6405 1669 3264 1790 
6406 2682 3319 1394 
6407 2286 3258 3247 
6408 2160 3265 2855 
6409 3115 3223 2175 
6410 3335 3483 2747 
6411 1593 3473 2644 
6412 2125 3195 3186 
6413 2280 3238 3082 
6414 2597 3420 2608 
6415 2605 3276 3259 
6416 2672 3300 1465 
6417 2608 3420 3059 
6418 3291 3296 2652 
6419 1711 3227 3156 
6420 2406 3331 2885 
6421 2605 3259 3009 
6422 3235 3535 2012 
6423 2936 3370 2599 
6424 152 3284 3277 
6425 2654 3291 2652 
6426 3113 3485 2474 
6427 2541 3515 1593 
6428 2636 3457 1592 
6429 3279 3286 121 
6430 3278 3287 72 
6431 2897 3271 2806 
6432 2484 3447 2295 
6433 2285 3246 3086 
6434 2283 3245 3087 
6435 2286 3247 3084 
6436 2288 3248 3085 
6437 2875 3525 2115 
6438 2444 3354 2445 
6439 2442 3353 2443 
6440 1879 3269 1852 
6441 3300 3342 1465 
6442 152 3277 151 
6443 2739 3226 3222 
6444 3388 3487 2642 
6445 73 3278 72 
6446 122 3279 121 
6447 372 3280 373 
6448 1919 3283 2406 
6449 2652 3296 1716 
6450 2650 3297 1717 
6451 2438 3350 2439 
6452 2039 3272 1857 
6453 2037 3273 1855 
6454 2390 3266 2996 
6455 153 3284 152 
6456 370 3285 371 
6457 121 3286 120 
6458 72 3287 71 
6459 2709 3281 2707 
6460 1811 3270 3028 
6461 2374 3274 2373 
6462 2087 3275 2080 
6463 1510 3385 2657 
6464 2978 3368 2267 
6465 1416 3334 2637 
6466 2831 3294 2823 
6467 2622 3527 2625 
6468 2602 3421 2603 
6469 1489 3310 2750 
6470 3120 3473 2276 
6471 2472 3484 2091 
6472 3162 3478 2310 
6473 177 3359 1506 
6474 2273 3466 3096 
6475 2318 3486 2372 
6476 231 3299 230 
6477 2613 3321 2616 
6478 2312 3282 2313 
6479 2266 3358 3102 
6480 2823 3302 2822 
6481 2748 3424 1386 
6482 419 3301 420 
6483 2338 3380 3166 
6484 2719 3436 3147 
6485 2350 3343 2887 
6486 2352 3344 2888 
6487 1661 3292 1659 
6488 1665 3293 1663 
6489 2473 3468 2304 
6490 1506 3359 2490 
6491 2029 3298 3290 
6492 1600 3330 2648 
6493 3036 3295 2409 
6494 2980 3535 3235 
6495 2487 3438 1601 
6496 2420 3296 3031 
6497 2422 3297 3030 
6498 309 3304 310 
6499 344 3305 345 
6500 2268 3318 2764 
6501 2254 3308 2830 
6502 2252 3307 2829 
6503 3264 3282 2312 
6504 2256 3311 2826 
6505 379 3309 380 
6506 2727 3326 1388 
6507 2729 3327 1387 
6508 2603 3421 3068 
6509 43 3312 42 
6510 1789 3315 2008 
6511 2619 3351 2620 
6512 2166 3435 3153 
6513 1885 3298 2029 
6514 1714 3378 3335 
6515 3028 3288 1577 
6516 2311 3496 3197 
6517 1714 3335 2745 
6518 3316 3323 11 
6519 2181 3289 2994 
6520 1388 3326 70 
6521 1387 3327 119 
6522 402 3313 1368 
6523 2588 3306 2589 
6524 3205 3460 2757 
6525 2161 3531 2511 
6526 2162 3532 2509 
6527 2008 3318 2926 
6528 276 3316 11 
6529 292 3317 293 
6530 1634 3320 1630 
6531 2315 3501 3202 
6532 2316 3502 3203 
6533 1932 3303 1935 
6534 2324 3322 2261 
6535 2687 3328 2084 
6536 2688 3432 3146 
6537 2829 3324 2246 
6538 2830 3325 2247 
6539 3342 3379 2674 
6540 2672 3543 3300 
6541 1465 3342 2674 
6542 2826 3329 2248 
6543 2399 3372 2421 
6544 2398 3371 2419 
6545 2142 3331 1729 
6546 3336 3338 216 
6547 2481 3400 1640 
6548 2926 3318 2268 
6549 2251 3314 2249 
6550 2674 3379 1608 
6551 3152 3423 2164 
6552 2797 3332 2324 
6553 3337 3445 2309 
6554 2245 3392 3319 
6555 294 3333 295 
6556 1899 3363 2137 
6557 3090 3276 2605 
6558 3505 3508 2878 
6559 2303 3508 3505 
6560 217 3336 216 
6561 2655 3356 2653 
6562 2515 3385 1510 
6563 3045 3346 2153 
6564 3044 3345 2156 
6565 2156 3345 1828 
6566 2153 3346 1827 
6567 2353 3344 2352 
6568 2351 3343 2350 
6569 1906 3366 2138 
6570 1913 3365 2139 
6571 216 3338 215 
6572 3262 3295 3046 
6573 2695 3386 2339 
6574 3507 3511 2848 
6575 3506 3510 2856 
6576 2818 3511 3507 
6577 2820 3510 3506 
6578 3270 3288 3028 
6579 274 3339 275 
6580 1388 3372 2727 
6581 1387 3371 2729 
6582 2909 3346 3045 
6583 2913 3345 3044 
6584 3116 3431 2596 
6585 2336 3349 2277 
6586 2887 3343 1799 
6587 2888 3344 1798 
6588 1605 3445 2645 
6589 273 3348 274 
6590 2634 3442 3378 
6591 3076 3402 2728 
6592 3077 3401 2730 
6593 2728 3326 2727 
6594 2730 3327 2729 
6595 1487 3442 2634 
6596 2634 3378 1714 
6597 2032 3519 3315 
6598 2642 3487 1390 
6599 2724 3382 2325 
6600 1580 3428 3396 
6601 1579 3427 3397 
6602 3102 3358 1881 
6603 3125 3405 88 
6604 87 3406 3122 
6605 136 3404 3123 
6606 185 3403 3124 
6607 3282 3388 2313 
6608 389 3408 3128 
6609 3127 3413 437 
6610 410 3409 3129 
6611 235 3411 3130 
6612 263 3412 3131 
6613 333 3410 3132 
6614 298 3414 3133 
6615 1615 3374 2720 
6616 438 3418 3134 
6617 354 3416 3136 
6618 319 3415 3137 
6619 326 3417 3138 
6620 448 3355 449 
6621 396 3419 3139 
6622 361 3407 3135 
6623 3385 3452 2657 
6624 274 3348 3339 
6625 2805 3361 2336 
6626 2084 3437 2082 
6627 2869 3357 2870 
6628 2505 3503 3167 
6629 421 3362 422 
6630 1577 3288 3250 
6631 2130 3337 2309 
6632 403 3399 3142 
6633 166 3387 1463 
6634 251 3360 252 
6635 2486 3438 2485 
6636 2490 3389 2489 
6637 2874 3367 2875 
6638 3066 3349 1403 
6639 2264 3358 2266 
6640 475 3364 476 
6641 2711 3464 2710 
6642 2460 3369 1585 
6643 2665 3393 2664 
6644 3117 3464 2234 
6645 3161 3458 2230 
6646 1992 3368 2783 
6647 1651 3347 1557 
6648 2657 3452 2656 
6649 2784 3509 3283 
6650 2668 3461 2667 
6651 2780 3390 2345 
6652 3053 3340 2351 
6653 3054 3341 2353 
6654 1703 3482 2626 
6655 2502 3490 2499 
6656 3182 3457 2636 
6657 2325 3381 2281 
6658 3092 3421 2602 
6659 2431 3484 2472 
6660 1576 3373 1528 
6661 2637 3459 1602 
6662 271 3375 272 
6663 3145 3390 339 
6664 2663 3478 1504 
6665 2029 3290 3103 
6666 2304 3468 2999 
6667 2269 3383 2271 
6668 68 3402 1482 
6669 117 3401 1483 
6670 1614 3398 2693 
6671 2986 3455 3444 
6672 2643 3496 1515 
6673 2658 3501 1516 
6674 2659 3502 1517 
6675 2485 3438 2487 
6676 3108 3422 1474 
6677 2625 3527 1576 
6678 1504 3478 3162 
6679 1381 3542 2754 
6680 1369 3444 2690 
6681 1449 3427 1579 
6682 1453 3428 1580 
6683 1641 3425 1455 
6684 2232 3389 3005 
6685 2314 3376 2263 
6686 1482 3402 3076 
6687 1483 3401 3077 
6688 1868 3443 2288 
6689 2361 3392 2243 
6690 1583 3537 3263 
6691 1508 3421 3092 
6692 2294 3399 2840 
6693 1811 3291 3270 
6694 3268 3524 2272 
6695 1988 3430 395 
6696 2137 3363 3082 
6697 2288 3443 2965 
6698 270 3395 271 
6699 280 3384 1450 
6700 2165 3403 186 
6701 2164 3404 39 
6702 2163 3406 137 
6703 234 3405 2166 
6704 2291 3397 2511 
6705 2289 3396 2509 
6706 1592 3457 179 
6707 2594 3377 2569 
6708 271 3395 3375 
6709 1985 3407 290 
6710 2168 3408 388 
6711 1986 3409 409 
6712 1990 3410 332 
6713 291 3413 2167 
6714 1987 3412 360 
6715 1989 3411 325 
6716 2849 3414 297 
6717 2863 3415 318 
6718 2864 3416 353 
6719 2854 3417 262 
6720 2169 3418 430 
6721 2876 3419 486 
6722 2277 3349 3066 
6723 3063 3400 2481 
6724 3196 3429 3095 
6725 1640 3400 423 
6726 1474 3422 465 
6727 1450 3370 2936 
6728 2504 3503 2505 
6729 3334 3459 2637 
6730 2676 3467 2675 
6731 2231 3540 2215 
6732 3270 3291 2654 
6733 2441 3391 2250 
6734 2139 3365 3086 
6735 2138 3366 3087 
6736 2320 3486 2318 
6737 2715 3481 2716 
6738 2649 3472 2650 
6739 1651 3433 3347 
6740 1612 3494 2678 
6741 1687 3432 304 
6742 1386 3471 168 
6743 2708 3458 2709 
6744 2186 3461 3199 
6745 3444 3455 2690 
6746 3121 3393 2190 
6747 3200 3470 2092 
6748 2463 3423 2464 
6749 1688 3436 374 
6750 2347 3462 2348 
6751 1595 3543 2672 
6752 2934 3456 2676 
6753 98 3463 97 
6754 2992 3434 1634 
6755 1850 3455 2986 
6756 1391 3465 3177 
6757 2040 3394 2039 
6758 2144 3398 3189 
6759 2492 3435 2491 
6760 2847 3538 2305 
6761 2317 3465 2347 
6762 2706 3479 2708 
6763 2060 3488 2063 
6764 2890 3449 2681 
6765 2508 3534 2123 
6766 3224 3430 1988 
6767 3197 3496 2643 
6768 3153 3435 2492 
6769 3204 3481 2594 
6770 2430 3484 2431 
6771 1400 3453 1544 
6772 1860 3454 1436 
6773 3082 3363 2279 
6774 1435 3450 1734 
6775 1438 3439 311 
6776 1437 3440 346 
6777 1434 3451 1732 
6778 1439 3441 381 
6779 1916 3476 3229 
6780 1915 3474 3228 
6781 76 3530 1488 
6782 2373 3424 2265 
6783 3523 3532 2866 
6784 3522 3531 2865 
6785 175 3495 3480 
6786 2245 3449 3187 
6787 3086 3365 2284 
6788 3087 3366 2282 
6789 3170 3473 1593 
6790 3183 3426 3075 
6791 35 3529 3490 
6792 3202 3501 2658 
6793 3203 3502 2659 
6794 3281 3541 2712 
6795 175 3480 174 
6796 1889 3466 2273 
6797 129 3526 3489 
6798 3147 3436 1688 
6799 2791 3485 1598 
6800 2859 3504 1621 
6801 2510 3532 3523 
6802 2512 3531 3522 
6803 2851 3499 1620 
6804 2858 3498 1619 
6805 1834 3505 2878 
6806 2462 3508 2303 
6807 2307 3476 2327 
6808 1620 3507 2848 
6809 1619 3506 2856 
6810 3499 3507 1620 
6811 3498 3506 1619 
6812 2306 3474 2326 
6813 2817 3511 2818 
6814 2819 3510 2820 
6815 2986 3444 2427 
6816 2371 3537 2366 
6817 129 3489 128 
6818 2439 3350 3106 
6819 3146 3432 1687 
6820 3115 3388 2642 
6821 176 3495 175 
6822 1593 3515 3170 
6823 2464 3423 3152 
6824 3166 3380 2432 
6825 2305 3538 2811 
6826 130 3526 129 
6827 2443 3353 3112 
6828 2445 3354 3110 
6829 2490 3359 3182 
6830 2511 3531 2512 
6831 2509 3532 2510 
6832 1477 3523 2866 
6833 1476 3522 2865 
6834 2834 3492 2833 
6835 2820 3506 2456 
6836 2818 3507 2455 
6837 2340 3535 2980 
6838 2293 3514 3493 
6839 2092 3516 2836 
6840 2115 3525 2827 
6841 2293 3493 2834 
6842 2868 3492 1499 
6843 2510 3523 2817 
6844 2512 3522 2819 
6845 3492 3493 1499 
6846 1499 3493 2860 
6847 2834 3493 3492 
6848 2367 3519 2371 
6849 2303 3505 2454 
6850 2455 3499 2332 
6851 2456 3498 2330 
6852 2811 3538 1498 
6853 2457 3504 2334 
6854 3493 3514 2860 
6855 3037 3448 1805 
6856 2860 3514 1647 
6857 2878 3508 1408 
6858 2456 3506 3498 
6859 2455 3507 3499 
6860 2856 3510 1476 
6861 2848 3511 1477 
6862 2976 3460 2158 
6863 2710 3464 3117 
6864 1498 3538 2847 
6865 3068 3421 1508 
6866 2076 3469 2090 
6867 2870 3528 1475 
6868 3039 3431 1574 
6869 1574 3431 3116 
6870 2865 3531 2161 
6871 2866 3532 2162 
6872 3075 3426 416 
6873 3141 3352 2933 
6874 472 3529 35 
6875 3249 3536 1626 
6876 3124 3403 2165 
6877 2166 3405 3125 
6878 3123 3404 2164 
6879 3122 3406 2163 
6880 2167 3413 3127 
6881 3128 3408 2168 
6882 3129 3409 1986 
6883 3130 3411 1989 
6884 3131 3412 1987 
6885 3132 3410 1990 
6886 3133 3414 2849 
6887 3136 3416 2864 
6888 3137 3415 2863 
6889 3134 3418 2169 
6890 3138 3417 2854 
6891 3135 3407 1985 
6892 3139 3419 2876 
6893 1627 3500 3231 
6894 2714 3446 3079 
6895 3492 3517 2833 
6896 3142 3399 2294 
6897 1844 3475 3048 
6898 2408 3487 2242 
6899 2868 3517 3492 
6900 1998 3497 3026 
6901 3027 3491 2089 
6902 3095 3429 367 
6903 2313 3388 3115 
6904 2654 3328 3270 
6905 2709 3458 3161 
6906 2690 3455 3088 
6907 3185 3533 1657 
6908 2345 3390 3145 
6909 2309 3445 3184 
6910 3103 3433 1651 
6911 2319 3521 3002 
6912 3190 3459 2308 
6913 2859 3518 3504 
6914 2858 3513 3498 
6915 2851 3512 3499 
6916 2664 3393 3121 
6917 2013 3509 3066 
6918 1973 3539 3000 
6919 3498 3513 2330 
6920 3499 3512 2332 
6921 1834 3520 3505 
6922 3504 3518 2334 
6923 3266 3494 2363 
6924 3177 3465 2317 
6925 3505 3520 2454 
6926 3094 3536 2527 
6927 2525 3500 3098 
6928 1715 3295 3262 
6929 3289 3542 2397 
6930 3510 3522 1476 
6931 3511 3523 1477 
6932 2276 3473 3170 
6933 2819 3522 3510 
6934 2817 3523 3511 
6935 2374 3477 3387 
6936 2044 3456 3171 
6937 3171 3456 2934 
6938 3100 3524 1588 
6939 3169 3533 2452 
6940 2374 3387 3274 
6941 417 3426 3183 
6942 3132 3518 2859 
6943 3131 3512 2851 
6944 3130 3513 2858 
6945 3133 3520 1834 
6946 3129 3517 2868 
6947 368 3429 3196 
6948 3184 3445 1605 
6949 1602 3459 3190 
6950 3124 3541 1702 
6951 2716 3481 3204 
6952 3199 3461 2668 
6953 3274 3471 2373 
6954 2158 3460 3205 
6955 3387 3477 1463 
6956 3164 3514 2293 
6957 459 3430 3224 
6958 2452 3533 3185 
6959 3198 3535 2340 
6960 2346 3470 3200 
6961 3170 3515 2278 
6962 2012 3535 3198 
6963 2342 3483 3335 
6964 3356 3437 2084 
6965 3314 3443 1868 
6966 3275 3385 2515 
6967 2999 3468 3379 
6968 3263 3537 2371 
6969 3228 3474 2306 
6970 3229 3476 2307 
6971 3319 3392 1394 
6972 2833 3517 3230 
6973 3231 3500 2525 
6974 2330 3513 3239 
6975 2332 3512 3240 
6976 1588 3524 3268 
6977 2334 3518 3241 
6978 3442 3486 2320 
6979 2678 3494 3266 
6980 2454 3520 3244 
6981 2527 3536 3249 
6982 2655 3437 3356 
6983 3283 3509 2013 
6984 2747 3483 3290 
6985 1702 3541 3281 
6986 2754 3542 3289 
6987 3379 3468 1608 
6988 3315 3519 2367 
6989 3357 3516 2870 
6990 3367 3525 2875 
6991 3470 3528 2870 
6992 1487 3486 3442 
6993 1576 3527 3373 
6994 2346 3528 3470 
2 15 2 162
6995 3549 3590 3579 
6996 3579 3585 3549 
6997 3570 3574 3551 
6998 3573 3582 3544 
6999 3544 3583 3573 
7000 3574 3597 3551 
7001 496 3584 497 
7002 3576 3578 3555 
7003 3578 3580 3548 
7004 3555 3599 3576 
7005 497 3584 3544 
7006 3549 3584 496 
7007 3575 3576 3545 
7008 3574 3575 3545 
7009 3577 3589 3560 
7010 3577 3580 3578 
7011 3579 3590 3552 
7012 3544 3584 3583 
7013 3575 3589 3577 
7014 3560 3580 3577 
7015 3584 3604 3583 
7016 3585 3604 3584 
7017 3573 3594 3582 
7018 3551 3595 3570 
7019 3575 3577 3576 
7020 3554 3595 3592 
7021 3554 3608 3595 
7022 3579 3596 3585 
7023 3549 3585 3584 
7024 3577 3578 3576 
7025 3548 3593 3578 
7026 3546 3588 505 
7027 3547 3557 3556 
7028 3561 3589 3564 
7029 3548 3581 489 
7030 489 3581 490 
7031 491 3556 492 
7032 505 3588 506 
7033 499 3582 3553 
7034 3568 3574 3570 
7035 3580 3581 3548 
7036 3558 3580 3560 
7037 3569 3572 3566 
7038 3547 3581 3558 
7039 3547 3556 491 
7040 3568 3570 3567 
7041 3568 3575 3574 
7042 3560 3561 3559 
7043 490 3581 3547 
7044 3550 3586 503 
7045 504 3586 3546 
7046 3547 3558 3557 
7047 3560 3589 3561 
7048 3557 3579 3556 
7049 503 3586 504 
7050 498 3582 499 
7051 3544 3582 498 
7052 3556 3579 3552 
7053 3558 3581 3580 
7054 3570 3571 3567 
7055 3565 3569 3566 
7056 3567 3587 3565 
7057 490 3547 491 
7058 497 3544 498 
7059 504 3546 505 
7060 511 3545 512 
7061 3564 3568 3567 
7062 3564 3589 3568 
7063 3565 3566 3563 
7064 488 3548 489 
7065 492 3556 3552 
7066 495 3549 496 
7067 502 3550 503 
7068 506 3588 3554 
7069 509 3551 510 
7070 3561 3562 3559 
7071 3564 3565 3563 
7072 492 3552 493 
7073 499 3553 500 
7074 506 3554 507 
7075 513 3555 514 
7076 3564 3567 3565 
7077 3565 3587 3569 
7078 3572 3573 3566 
7079 3558 3560 3559 
7080 3561 3564 3563 
7081 3568 3589 3575 
7082 3571 3587 3567 
7083 3558 3559 3557 
7084 3561 3563 3562 
7085 3583 3598 3573 
7086 3553 3609 3591 
7087 3594 3609 3553 
7088 494 3590 495 
7089 501 3591 502 
7090 508 3592 509 
7091 3545 3597 3574 
7092 487 3593 488 
7093 488 3593 3548 
7094 3576 3599 3545 
7095 495 3590 3549 
7096 509 3592 3551 
7097 502 3591 3550 
7098 3598 3604 3562 
7099 3578 3593 3555 
7100 3557 3596 3579 
7101 3562 3596 3559 
7102 511 3597 3545 
7103 3551 3597 510 
7104 3573 3598 3566 
7105 3563 3598 3562 
7106 3545 3599 512 
7107 513 3599 3555 
7108 500 3602 37 
7109 37 3602 501 
7110 514 3600 14 
7111 507 3603 17 
7112 493 3601 29 
7113 14 3600 487 
7114 17 3603 508 
7115 29 3601 494 
7116 3562 3604 3596 
7117 3572 3594 3573 
7118 3582 3594 3553 
7119 3570 3595 3571 
7120 3583 3604 3598 
7121 3559 3596 3557 
7122 3592 3595 3551 
7123 510 3597 511 
7124 3566 3598 3563 
7125 3596 3604 3585 
7126 508 3603 3592 
7127 501 3602 3591 
7128 494 3601 3590 
7129 512 3599 513 
7130 3552 3601 493 
7131 3555 3600 514 
7132 3553 3602 500 
7133 3554 3603 507 
7134 487 3600 3593 
7135 3571 3608 3606 
7136 3546 3607 3606 
7137 3569 3605 3572 
7138 3586 3607 3546 
7139 3571 3606 3587 
7140 3606 3607 3587 
7141 3546 3606 3588 
7142 3550 3605 3586 
7143 3605 3607 3586 
7144 3587 3607 3569 
7145 3569 3607 3605 
7146 3606 3608 3588 
7147 3588 3608 3554 
7148 3591 3602 3553 
7149 3590 3601 3552 
7150 3592 3603 3554 
7151 3605 3609 3572 
7152 3550 3609 3605 
7153 3593 3600 3555 
7154 3591 3609 3550 
7155 3595 3608 3571 
7156 3572 3609 3594 
2 16 2 162
7157 3616 3658 3651 
7158 3636 3640 3617 
7159 3639 3650 3611 
7160 3651 3665 3616 
7161 3640 3663 3617 
7162 3611 3664 3639 
7163 3642 3644 3621 
7164 3644 3645 3614 
7165 3621 3666 3642 
7166 3641 3642 3610 
7167 3640 3641 3610 
7168 3643 3649 3626 
7169 3643 3645 3644 
7170 3651 3658 3618 
7171 3652 3665 3647 
7172 3647 3664 3652 
7173 3641 3649 3643 
7174 3626 3645 3643 
7175 3639 3661 3650 
7176 3617 3662 3636 
7177 3641 3643 3642 
7178 3619 3662 3657 
7179 3619 3674 3662 
7180 3616 3665 3652 
7181 3643 3644 3642 
7182 3614 3660 3644 
7183 3627 3649 3630 
7184 3613 3648 533 
7185 3645 3655 3614 
7186 520 3618 521 
7187 534 3619 535 
7188 520 3622 3618 
7189 3622 3651 3618 
7190 3630 3634 3633 
7191 534 3648 3619 
7192 3624 3645 3626 
7193 3631 3632 3629 
7194 3627 3628 3625 
7195 3634 3641 3640 
7196 527 3650 3620 
7197 3630 3649 3634 
7198 3623 3651 3622 
7199 3611 3650 526 
7200 3638 3639 3632 
7201 3628 3647 3646 
7202 3614 3655 517 
7203 3616 3652 524 
7204 3615 3656 531 
7205 524 3652 525 
7206 3612 3655 3624 
7207 3625 3646 3623 
7208 3627 3630 3629 
7209 3630 3633 3631 
7210 3634 3649 3641 
7211 526 3650 527 
7212 3626 3649 3627 
7213 3637 3653 3633 
7214 3624 3626 3625 
7215 3628 3646 3625 
7216 3646 3651 3623 
7217 3612 3622 519 
7218 3612 3624 3623 
7219 517 3655 518 
7220 518 3655 3612 
7221 531 3656 532 
7222 533 3648 534 
7223 3639 3654 3632 
7224 532 3656 3613 
7225 525 3611 526 
7226 539 3610 540 
7227 3629 3654 3628 
7228 523 3616 524 
7229 537 3617 538 
7230 518 3612 519 
7231 532 3613 533 
7232 3636 3637 3633 
7233 3630 3631 3629 
7234 525 3652 3611 
7235 3626 3627 3625 
7236 3632 3654 3629 
7237 3635 3638 3632 
7238 3634 3636 3633 
7239 3634 3640 3636 
7240 3624 3625 3623 
7241 3631 3653 3635 
7242 3624 3655 3645 
7243 3612 3623 3622 
7244 527 3620 528 
7245 541 3621 542 
7246 519 3622 520 
7247 3633 3653 3631 
7248 3628 3654 3647 
7249 516 3614 517 
7250 530 3615 531 
7251 3631 3635 3632 
7252 3627 3629 3628 
7253 3620 3675 3659 
7254 3661 3675 3620 
7255 3652 3664 3611 
7256 522 3658 523 
7257 536 3657 537 
7258 529 3659 530 
7259 3610 3663 3640 
7260 515 3660 516 
7261 516 3660 3614 
7262 3642 3666 3610 
7263 523 3658 3616 
7264 537 3657 3617 
7265 530 3659 3615 
7266 3644 3660 3621 
7267 3617 3663 538 
7268 3639 3664 3654 
7269 539 3663 3610 
7270 3646 3665 3651 
7271 541 3666 3621 
7272 3610 3666 540 
7273 528 3670 22 
7274 542 3669 28 
7275 25 3668 522 
7276 38 3667 536 
7277 28 3669 515 
7278 521 3668 25 
7279 535 3667 38 
7280 22 3670 529 
7281 3638 3661 3639 
7282 3650 3661 3620 
7283 3636 3662 3637 
7284 3657 3662 3617 
7285 538 3663 539 
7286 3654 3664 3647 
7287 3647 3665 3646 
7288 536 3667 3657 
7289 522 3668 3658 
7290 529 3670 3659 
7291 540 3666 541 
7292 3619 3667 535 
7293 3618 3668 521 
7294 3620 3670 528 
7295 3621 3669 542 
7296 515 3669 3660 
7297 3637 3674 3673 
7298 3653 3673 3672 
7299 3672 3673 3613 
7300 3653 3672 3635 
7301 3613 3673 3648 
7302 3635 3671 3638 
7303 3615 3671 3656 
7304 3671 3672 3656 
7305 3656 3672 3613 
7306 3635 3672 3671 
7307 3637 3673 3653 
7308 3673 3674 3648 
7309 3648 3674 3619 
7310 3657 3667 3619 
7311 3659 3670 3620 
7312 3658 3668 3618 
7313 3671 3675 3638 
7314 3615 3675 3671 
7315 3660 3669 3621 
7316 3659 3675 3615 
7317 3662 3674 3637 
7318 3638 3675 3661 
2 17 2 162
7319 3680 3722 3711 
7320 3711 3717 3680 
7321 3705 3714 3678 
7322 3702 3706 3682 
7323 3678 3715 3705 
7324 3706 3729 3682 
7325 545 3716 546 
7326 3708 3710 3686 
7327 3710 3713 3683 
7328 3686 3731 3708 
7329 546 3716 3678 
7330 3680 3716 545 
7331 3707 3708 3679 
7332 3706 3707 3679 
7333 3709 3720 3692 
7334 3709 3713 3710 
7335 3711 3722 3687 
7336 3678 3716 3715 
7337 3707 3720 3709 
7338 3692 3713 3709 
7339 3716 3736 3715 
7340 3717 3736 3716 
7341 3705 3726 3714 
7342 3682 3727 3702 
7343 3707 3709 3708 
7344 3685 3727 3724 
7345 3685 3740 3727 
7346 3711 3728 3717 
7347 3680 3717 3716 
7348 3709 3710 3708 
7349 3683 3725 3710 
7350 3677 3689 3688 
7351 3683 3713 3712 
7352 566 3712 567 
7353 568 3688 569 
7354 548 3714 3684 
7355 3677 3712 3690 
7356 3696 3720 3700 
7357 3697 3701 3698 
7358 3677 3688 568 
7359 3712 3713 3690 
7360 3700 3702 3699 
7361 3693 3696 3695 
7362 3681 3718 552 
7363 553 3718 3676 
7364 3683 3712 566 
7365 567 3712 3677 
7366 3677 3690 3689 
7367 3697 3721 3701 
7368 552 3718 553 
7369 547 3714 548 
7370 3678 3714 547 
7371 3696 3700 3699 
7372 3696 3697 3695 
7373 3697 3698 3695 
7374 3702 3703 3699 
7375 3700 3707 3706 
7376 3690 3691 3689 
7377 3692 3693 3691 
7378 3693 3694 3691 
7379 3693 3695 3694 
7380 3689 3711 3688 
7381 546 3678 547 
7382 553 3676 554 
7383 560 3679 561 
7384 567 3677 568 
7385 3693 3720 3696 
7386 554 3719 555 
7387 544 3680 545 
7388 551 3681 552 
7389 555 3719 3685 
7390 558 3682 559 
7391 565 3683 566 
7392 569 3688 3687 
7393 3688 3711 3687 
7394 3703 3721 3699 
7395 3699 3721 3697 
7396 548 3684 549 
7397 555 3685 556 
7398 562 3686 563 
7399 569 3687 570 
7400 3696 3699 3697 
7401 3704 3705 3698 
7402 3690 3692 3691 
7403 3692 3720 3693 
7404 3700 3720 3707 
7405 3676 3719 554 
7406 3700 3706 3702 
7407 3690 3713 3692 
7408 3701 3704 3698 
7409 3715 3730 3705 
7410 3684 3741 3723 
7411 3726 3741 3684 
7412 543 3722 544 
7413 550 3723 551 
7414 557 3724 558 
7415 3679 3729 3706 
7416 564 3725 565 
7417 565 3725 3683 
7418 3708 3731 3679 
7419 544 3722 3680 
7420 558 3724 3682 
7421 551 3723 3681 
7422 3730 3736 3694 
7423 3710 3725 3686 
7424 3694 3728 3691 
7425 3689 3728 3711 
7426 560 3729 3679 
7427 3682 3729 559 
7428 3705 3730 3698 
7429 3695 3730 3694 
7430 3679 3731 561 
7431 562 3731 3686 
7432 549 3733 38 
7433 38 3733 550 
7434 563 3735 18 
7435 556 3734 21 
7436 570 3732 37 
7437 18 3735 564 
7438 21 3734 557 
7439 37 3732 543 
7440 3694 3736 3728 
7441 3714 3726 3684 
7442 3704 3726 3705 
7443 3702 3727 3703 
7444 3715 3736 3730 
7445 3691 3728 3689 
7446 3724 3727 3682 
7447 559 3729 560 
7448 3698 3730 3695 
7449 3728 3736 3717 
7450 557 3734 3724 
7451 550 3733 3723 
7452 543 3732 3722 
7453 561 3731 562 
7454 3686 3735 563 
7455 3687 3732 570 
7456 3684 3733 549 
7457 3685 3734 556 
7458 564 3735 3725 
7459 3703 3740 3737 
7460 3676 3739 3737 
7461 3737 3739 3721 
7462 3721 3739 3701 
7463 3718 3739 3676 
7464 3681 3738 3718 
7465 3676 3737 3719 
7466 3701 3738 3704 
7467 3703 3737 3721 
7468 3701 3739 3738 
7469 3738 3739 3718 
7470 3737 3740 3719 
7471 3719 3740 3685 
7472 3723 3733 3684 
7473 3724 3734 3685 
7474 3722 3732 3687 
7475 3738 3741 3704 
7476 3681 3741 3738 
7477 3725 3735 3686 
7478 3723 3741 3681 
7479 3727 3740 3703 
7480 3704 3741 3726 
$EndElements
